DROP DATABASE IF EXISTS projetglo2005;

CREATE DATABASE projetglo2005;
use projetglo2005;


DROP TABLE IF EXISTS Favoris;
DROP TABLE IF EXISTS Note;
DROP TABLE IF EXISTS Reponse;
DROP TABLE IF EXISTS Commentaire;
DROP TABLE IF EXISTS Cree;
DROP TABLE IF EXISTS Gifs;
DROP TABLE IF EXISTS utilisateurs;
DROP TABLE IF EXISTS Createurs;

SET GLOBAL log_bin_trust_function_creators=1;

CREATE TABLE Utilisateurs(Uid integer NOT NULL AUTO_INCREMENT, Avatar varchar(200) default "https://i.stack.imgur.com/YaL3s.jpg", Hash varchar(100), Email varchar(100), Age integer, Username varchar(50), nom varchar(100), PRIMARY KEY(Uid), UNIQUE(Username), UNIQUE(Email));
CREATE TABLE Gifs(Gid integer not null AUTO_INCREMENT, Nom varchar(100), type varchar(100), Date date, Path varchar(200), NbLike integer DEFAULT 0, NbDislike integer DEFAULT 0, NbClicK integer DEFAULT 0, PRIMARY KEY(Gid), UNIQUE(Nom, Path));
CREATE TABLE Cree(Uid integer, Gid integer, PRIMARY KEY(Gid), FOREIGN KEY(Gid) REFERENCES Gifs(Gid) ON DELETE CASCADE, FOREIGN KEY(Uid) REFERENCES Utilisateurs(uid));
CREATE TABLE Commentaire(Comid integer NOT NULL AUTO_INCREMENT, texte varchar(500), Uid integer, Gid integer, PRIMARY KEY(Comid) , FOREIGN KEY(Uid) REFERENCES Utilisateurs(Uid), FOREIGN KEY(Gid) REFERENCES Gifs(Gid) on delete cascade);
CREATE TABLE Reponse(Repid integer NOT NULL AUTO_INCREMENT, Comid integer, texte varchar(500), Uid integer, PRIMARY KEY(Repid), FOREIGN KEY(Comid) REFERENCES Commentaire(Comid) ON DELETE CASCADE, FOREIGN KEY(Uid) REFERENCES Utilisateurs(Uid));
CREATE TABLE Note(Noteid integer NOT NULL AUTO_INCREMENT, Dislike boolean, Uid integer, Gid integer, PRIMARY KEY(Noteid), UNIQUE(Uid, Gid), FOREIGN KEY(Uid) REFERENCES Utilisateurs(Uid), FOREIGN KEY(Gid) REFERENCES Gifs(Gid) ON DELETE CASCADE);
CREATE TABLE Favoris(Favid integer NOT NULL AUTO_INCREMENT, Uid integer, Gid integer, PRIMARY KEY(Favid), UNIQUE(Uid, Gid), FOREIGN KEY(Uid) REFERENCES Utilisateurs(Uid), FOREIGN KEY(Gid) REFERENCES Gifs(Gid) ON DELETE CASCADE);



DELIMITER //

CREATE TRIGGER AgeUtilisateur
    BEFORE INSERT ON Utilisateurs
    FOR EACH ROW
    BEGIN
        IF NEW.Age < 58 OR NEW.Age > 76 THEN
            SIGNAL SQLSTATE '45000';
        end if ;
    end //

DELIMITER ;



DELIMITER //

CREATE TRIGGER AumenterNombreLikeDislike
    AFTER INSERT ON  Note
    FOR EACH ROW
    BEGIN
        IF NEW.Dislike = False THEN
            UPDATE Gifs G SET G.NbLike = G.NbLike + 1 WHERE G.Gid = NEW.Gid;
        ELSE
            UPDATE Gifs G SET G.NbDislike = G.NbDislike + 1 WHERE G.Gid = NEW.Gid;
        end if ;
    end //

DELIMITER ;

DELIMITER //

CREATE TRIGGER DiminuerNombreLikeDislike
    AFTER DELETE ON  Note
    FOR EACH ROW
    BEGIN
        IF OLD.Dislike = FALSE THEN
        UPDATE Gifs G SET G.NbLike = G.NbLike - 1 WHERE G.Gid = OLD.Gid;
        ELSE
            UPDATE Gifs G SET G.NbDislike = G.NbDislike - 1 WHERE G.Gid = OLD.Gid;
        END IF;
    end //

DELIMITER ;




insert into gifs (Nom, type, Date, Path, NbLike, NbDislike) value("baby bird", 'Gif', '2022-03-16', "https://media.giphy.com/media/hSjOP9Isvq8oWYQiVS/giphy.gif", 0, 0);
insert into gifs (Nom, type, Date, Path, NbLike, NbDislike) value("danse multiple", 'Gif', '2022-03-16', "https://media.giphy.com/media/B81XkL3dtnWTe/giphy.gif", 0, 0);
insert into gifs (Nom, type, Date, Path, NbLike, NbDislike) value("bleu bird", 'Gif', '2022-03-16', "https://media.giphy.com/media/9PwxaMmfh1wfS/giphy.gif", 0, 0);
insert into gifs (Nom, type, Date, Path, NbLike, NbDislike) value("drole bird lunette meme vert", 'Gif', '2022-03-16', "https://media.giphy.com/media/oFI7FttD0iC8V2Iqmy/giphy.gif", 0, 0);
insert into gifs (Nom, type, Date, Path, NbLike, NbDislike) value("danse vert drole jaune bras", 'Gif', '2022-03-16', "https://media.giphy.com/media/LZElUsjl1Bu6c/giphy.gif",  0, 0);
insert into gifs (Nom, type, Date, Path, NbLike, NbDislike) value("bleu art peinture", 'Gif', '2022-03-16', "https://media.giphy.com/media/Ex1w4IdYJDfa0/giphy.gif", 0, 0);
insert into gifs (Nom, type, Date, Path, NbLike, NbDislike) value("drole vert bird", 'Gif', '2022-03-16', "https://media.giphy.com/media/2jKdye2KWy3XiDUq2E/giphy.gif",  0, 0);
insert into gifs (Nom, type, Date, Path, NbLike, NbDislike) value("serieux bird noir blanc", 'Gif', '2022-03-16', "https://media.giphy.com/media/11nJ3kaAXETWQo/giphy.gif",  0, 0);
insert into gifs (Nom, type, Date, Path, NbLike, NbDislike) value("bleu cute multiple plume", 'Gif', '2022-03-16', "https://media.giphy.com/media/OUuwn1HCfQjIY/giphy.gif",  0, 0);
insert into gifs (Nom, type, Date, Path, NbLike, NbDislike) value("vert course jaune drole", 'Gif', '2022-03-16', "https://media.giphy.com/media/wH8s0Ntwgh5YI/giphy.gif",  0, 0);
insert into gifs (Nom, type, Date, Path, NbLike, NbDislike) value("cute vert bird", 'Gif', '2022-03-16', "https://media.giphy.com/media/FO4lgeCgKkC2I/giphy.gif",  0, 0);
insert into gifs (Nom, type, Date, Path, NbLike, NbDislike) value("morning sleeping bird white bleu", 'Gif', '2022-03-16', "https://media.giphy.com/media/l0MrFrxo1nTTRwoko/giphy.gif",  0, 0);
insert into gifs (Nom, type, Date, Path, NbLike, NbDislike) value("jaune drole", 'Gif', '2022-03-16', "https://media.giphy.com/media/SQ1nUXwCpki4g/giphy.gif",  0, 0);
insert into gifs (Nom, type, Date, Path, NbLike, NbDislike) value("brun bird serieux", 'Gif', '2022-03-16', "https://media.giphy.com/media/VBVY9IJKDxwHK/giphy.gif",  0, 0);
insert into gifs (Nom, type, Date, Path, NbLike, NbDislike) value("bird danse rouge orange", 'Gif', '2022-03-16', "https://media.giphy.com/media/zlVf2eSgXIFFuTnEhz/giphy.gif",  0, 0);
insert into gifs (Nom, type, Date, Path, NbLike, NbDislike) value("vert drole epic", 'Gif', '2022-03-16', "https://media.giphy.com/media/ceHKRKMR6Ojao/giphy.gif",  0, 0);
insert into gifs (Nom, type, Date, Path, NbLike, NbDislike) value("danse bird vert", 'Gif', '2022-03-16', "https://media.giphy.com/media/vVWUEFDUVItxu/giphy.gif",  0, 0);
insert into gifs (Nom, type, Date, Path, NbLike, NbDislike) value("vert bleu multiple bird drole", 'Gif', '2022-03-16', "https://media.giphy.com/media/8DMcPUczc3cze/giphy.gif",  0, 0);
insert into gifs (Nom, type, Date, Path, NbLike, NbDislike) value("danse plume bird", 'Gif', '2022-03-16', "https://media.giphy.com/media/5pYss15Th6gkCvZhw7/giphy-downsized-large.gif", 0, 0);
insert into gifs (Nom, type, Date, Path, NbLike, NbDislike) value("refus blanc danse bird", 'Gif', '2022-03-16', "https://media.giphy.com/media/W5YVAfSttCqre/giphy.gif", 0, 0);
insert into gifs (Nom, type, Date, Path, NbLike, NbDislike) value("cute plume bird blanc", 'Gif', '2022-03-16', "https://media.giphy.com/media/TQoap3ycHL25a/giphy.gif",  0, 0);
insert into gifs (Nom, type, Date, Path, NbLike, NbDislike) value("bleu cute bird", 'Gif', '2022-03-16', "https://media.giphy.com/media/PsLIN8YlKy4rS/giphy.gif",  0, 0);
insert into gifs (Nom, type, Date, Path, NbLike) VALUES ("bird rouge", 'Gif', '2022-03-23', "https://media.giphy.com/media/MB6nc19nH5ERy/giphy.gif",  0);
insert into gifs (Nom, type, Date, Path, NbLike) VALUES ("danse bird", 'Gif', '2022-03-23', "https://media.giphy.com/media/gl8UGPXe4hlOSDhLYl/giphy.gif",  0);
insert into gifs (Nom, type, Date, Path, NbLike) VALUES ("plume bird", 'Gif', '2022-03-23', "https://media.giphy.com/media/nYSHbwGjFqZi7QnY8A/giphy.gif", 0);
insert into gifs (Nom, type, Date, Path, NbLike) VALUES ("plume bird", 'Gif', '2022-03-23', "https://media.giphy.com/media/vsGnvQD0ZcQco/giphy.gif", 0);
insert into gifs (Nom, type, Date, Path, NbLike) VALUES ("bleu bird", 'Gif', '2022-03-23', "https://media.giphy.com/media/nQZVy7bYWEKK4/giphy-downsized-large.gif",  0);
insert into gifs (Nom, type, Date, Path, NbLike) VALUES ("danse", 'Gif', '2022-03-23', "https://media.giphy.com/media/enSdDnhpN8gq4/giphy.gif",  0);
insert into gifs (Nom, type, Date, Path, NbLike) VALUES ("bird", 'Gif', '2022-03-23', "https://media.giphy.com/media/QOwv9PMbslvq/giphy.gif", 0);
insert into gifs (Nom, type, Date, Path, NbLike) VALUES ("bird multiple bebes vert", 'Gif', '2022-03-23', "https://media.giphy.com/media/VYoRYiE4XSdX2/giphy.gif", 0);
insert into gifs (Nom, type, Date, Path, NbLike) VALUES ("danse vert drole", 'Gif', '2022-03-23', "https://media.giphy.com/media/Dhxh6ADBP7c2Y/giphy.gif", 0);
insert into gifs (Nom, type, Date, Path, NbLike) VALUES ("bird drole plume", 'Gif', '2022-03-23', "https://media.giphy.com/media/34yAoB0v7EWhG/giphy.gif", 0);
insert into gifs (Nom, type, Date, Path, NbLike) VALUES ("bird jaune cute", 'Gif', '2022-03-23', "https://media.giphy.com/media/M0jGKAV3yaKLS/giphy.gif",  0);
insert into gifs (Nom, type, Date, Path, NbLike) VALUES ("bird multiple drole", 'Gif', '2022-03-23', "https://media.giphy.com/media/fR5dEe1OzrSV2/giphy.gif",  0);
insert into gifs (Nom, type, Date, Path, NbLike) VALUES ("oiseau bird plume", 'Gif', '2022-03-23', "https://media.giphy.com/media/dTC204ha6c1wY/giphy.gif",  0);
insert into gifs (Nom, type, Date, Path, NbLike) VALUES ("oiseau jaune plume", 'Gif', '2022-03-23', "https://media.giphy.com/media/MpGWxMQ5S8kda/giphy.gif", 0);
insert into gifs (Nom, type, Date, Path, NbLike) VALUES ("oiseau blanc plume cute", 'Gif', '2022-03-23', "https://media.giphy.com/media/YOkVtQYKrP900bWdoC/giphy-downsized-large.gif", 0);
insert into gifs (Nom, type, Date, Path, NbLike) VALUES ("drole danse", 'Gif', '2022-03-23', "https://media.giphy.com/media/TFPra0W11fUnIQeQMG/giphy.gif",  0);
insert into gifs (Nom, type, Date, Path, NbLike) VALUES ("bird danse drole", 'Gif', '2022-03-23', "https://media.giphy.com/media/dv7K4FEfgSm2Y/giphy.gif",  0);
insert into gifs (Nom, type, Date, Path, NbLike) VALUES ("vert danse rouge jaune drole multiple", 'Gif', '2022-03-23', "https://media.giphy.com/media/JyOsEVxu2Nk8E/giphy.gif",  0);
insert into gifs (Nom, type, Date, Path, NbLike) VALUES ("bird danse", 'Gif', '2022-03-23', "https://media.giphy.com/media/6mr2y6RGPcEU0/giphy.gif",  0);
insert into gifs (Nom, type, Date, Path, NbLike) VALUES ("danse plume bird", 'Gif', '2022-03-23', "https://media.giphy.com/media/l0HlIo3bPNiMUABt6/giphy.gif",  0);
insert into gifs (Nom, type, Date, Path, NbLike) VALUES ("bird drole", 'Gif', '2022-03-23', "https://media.giphy.com/media/EECy1Cp6nyV9e/giphy.gif",  0);
insert into gifs (Nom, type, Date, Path, NbLike) VALUES ("danse bird drole", 'Gif', '2022-03-23', "https://media.giphy.com/media/xwy9AbBlXlIFW/giphy.gif", 0);
insert into gifs (Nom, type, Date, Path, NbLike) VALUES ("cute multiple bird art", 'Gif', '2022-03-23', "https://media.giphy.com/media/wMrDQG1xeCPe/giphy.gif",  0);
insert into gifs (Nom, type, Date, Path) VALUES ("bird danse bleu", 'Gif', '2022-03-23', "https://media.giphy.com/media/xT0GqqWj0MagW1COzu/giphy.gif");
insert into gifs (Nom, type, Date, Path) VALUES ("bird drole surpris ", 'Gif', '2022-03-23', "https://media.giphy.com/media/feqkVgjJpYtjy/giphy.gif");
insert into gifs (Nom, type, Date, Path) VALUES ("bird danse drole vert", 'Gif', '2022-03-23', "https://media.giphy.com/media/SwlohAOSnf8B2DLFat/giphy-downsized-large.gif");
insert into gifs (Nom, type, Date, Path) VALUES ("bird danse", 'Gif', '2022-03-23', "https://media.giphy.com/media/Tk7qgDoOoukR7uMVgH/giphy-downsized-large.gif");
insert into gifs (Nom, type, Date, Path) VALUES ("bird bleu danse", 'Gif', '2022-03-23', "https://media.giphy.com/media/jZW51JxM9CmDm/giphy.gif");
insert into gifs (Nom, type, Date, Path) VALUES ("bird cute jaune blanc ", 'Gif', '2022-03-23', "https://media.giphy.com/media/DyJb4KRLnVbUY/giphy.gif");
insert into gifs (Nom, type, Date, Path) VALUES ("bird plume cute vert", 'Gif', '2022-03-23', "https://media.giphy.com/media/12aC2hH2jrDpDi/giphy.gif");
insert into gifs (Nom, type, Date, Path) VALUES ("bird bleu cute", 'Gif', '2022-03-23', "https://media.giphy.com/media/xUA7aUOIB26HybnCko/giphy.gif");
insert into gifs (Nom, type, Date, Path) VALUES ("bird rouge plume", 'Gif', '2022-03-23', "https://media.giphy.com/media/Zd6dwUdAs8oziv5BOL/giphy.gif");
insert into gifs (Nom, type, Date, Path) VALUES ("bird blue hi", 'Gif', '2022-03-23', "https://media.giphy.com/media/brsEO1JayBVja/giphy.gif");
insert into gifs (Nom, type, Date, Path) VALUES ("bird blue", 'Gif', '2022-03-23', "https://media.giphy.com/media/1VV7WStZm0QdBe81R5/giphy.gif");
insert into gifs (Nom, type, Date, Path) VALUES ("bird blue red yellow danse", 'Gif', '2022-03-23', "https://media.giphy.com/media/eGmGjySmtrYaJIe1u7/giphy-downsized-large.gif");
insert into gifs (Nom, type, Date, Path) VALUES ("bird blue multiple", 'Gif', '2022-03-23', "https://media.giphy.com/media/Lp8n6n2nqju1auF3zo/giphy-downsized-large.gif");
insert into gifs (Nom, type, Date, Path) VALUES ("bird blue epic", 'Gif', '2022-03-23', "https://media.giphy.com/media/gKDhIY35yXrBS/giphy.gif");
insert into gifs (Nom, type, Date, Path) VALUES ("bird cute multiple", 'Gif', '2022-03-23', "https://media.giphy.com/media/5dYow5dhWy3vwA6XRK/giphy.gif");
insert into gifs (Nom, type, Date, Path) VALUES ("bird drole", 'Gif', '2022-03-23', "https://media.giphy.com/media/GTnHMr8QI7ZPG/giphy.gif");
insert into gifs (Nom, type, Date, Path) VALUES ("bird blue drole", 'Gif', '2022-03-23', "https://media.giphy.com/media/xUOwFTGrBJgSXSygGA/giphy.gif");
insert into gifs (Nom, type, Date, Path) VALUES ("bird drole blue multiple", 'Gif', '2022-03-23', "https://media.giphy.com/media/3oKIPmJonGimU9bI2s/giphy.gif");
insert into gifs (Nom, type, Date, Path) VALUES ("bird cute multiple", 'Gif', '2022-03-23', "https://media.giphy.com/media/BWAyxVML5q8gwragvw/giphy.gif");
insert into gifs (Nom, type, Date, Path, NbLike) VALUES ("clip1", 'Clip', '2022-03-23', "https://giphy.com/embed/6Ak5qyeCgD4zb0iSg2/video",  0);
insert into gifs (Nom, type, Date, Path, NbLike) VALUES ("clip1", 'Clip', '2022-03-23', "https://giphy.com/embed/SsvDsXaeUpa6CiYwYT/video",  0);
insert into gifs (Nom, type, Date, Path, NbLike) VALUES ("clip1", 'Clip', '2022-03-23', "https://giphy.com/embed/qXdsLvOKZFdV4sIznQ/video" ,  0);
insert into gifs (Nom, type, Date, Path, NbLike) VALUES ("clip1", 'Clip', '2022-03-23', "https://giphy.com/embed/EsluDq5cS8yUMM5vn7/video",  0);
insert into gifs (Nom, type, Date, Path, NbLike) VALUES ("clip1", 'Clip', '2022-03-23', "https://giphy.com/embed/z5PNcTlRWdsnJOMWMS/video",  0);
insert into gifs (Nom, type, Date, Path, NbLike) VALUES ("clip1", 'Clip', '2022-03-23', "https://giphy.com/embed/O1IX6qmUCBJqBvgzpd/video",  0);
insert into gifs (Nom, type, Date, Path) VALUES ("JOYEUSEPAQUES", 'Story', '2022-04-16', "https://media.giphy.com/media/3o7btR0DDBY5AJ58yY/giphy.gif");




insert into utilisateurs (Hash, Email, Age, Username, nom) VALUES ("123", "email1@gamail.com", 60, "User1", "Utilisateur1");
insert into utilisateurs (Hash, Email, Age, Username, nom) VALUES ("123", "email2@gamail.com", 60, "User2", "Utilisateur2");
insert into utilisateurs (Hash, Email, Age, Username, nom) VALUES ("123", "email3@gamail.com", 60, "User3", "Utilisateur3");
insert into utilisateurs (Hash, Email, Age, Username, nom) VALUES ("123", "email4@gamail.com", 60, "User4", "Utilisateur4");
insert into utilisateurs (Hash, Email, Age, Username, nom) VALUES ("123", "email5@gamail.com", 60, "User5", "Utilisateur5");
insert into utilisateurs (Hash, Email, Age, Username, nom) VALUES ("123", "email6@gamail.com", 60, "User6", "Utilisateur6");
insert into utilisateurs (Hash, Email, Age, Username, nom) VALUES ("123", "email7@gamail.com", 60, "User7", "Utilisateur7");
insert into utilisateurs (Hash, Email, Age, Username, nom) VALUES ("123", "email8@gamail.com", 60, "User8", "Utilisateur8");
insert into utilisateurs (Hash, Email, Age, Username, nom) VALUES ("123", "email9@gamail.com", 60, "User9", "Utilisateur9");
insert into utilisateurs (Hash, Email, Age, Username, nom) VALUES ("123", "email10@gamail.com", 60, "User10", "Utilisateur10");
insert into utilisateurs (Hash, Email, Age, Username, nom) VALUES ("123", "email11@gamail.com", 60, "User11", "Utilisateur11");
insert into utilisateurs (Hash, Email, Age, Username, nom) VALUES ("123", "email12@gamail.com", 60, "User12", "Utilisateur12");
insert into utilisateurs (Hash, Email, Age, Username, nom) VALUES ("123", "email13@gamail.com", 60, "User13", "Utilisateur13");
insert into utilisateurs (Hash, Email, Age, Username, nom) VALUES ("123", "email14@gamail.com", 60, "User14", "Utilisateur14");
insert into utilisateurs (Hash, Email, Age, Username, nom) VALUES ("123", "email15@gamail.com", 60, "User15", "Utilisateur15");
insert into utilisateurs (Hash, Email, Age, Username, nom) VALUES ("123", "email16@gamail.com", 60, "User16", "Utilisateur16");
insert into utilisateurs (Hash, Email, Age, Username, nom) VALUES ("123", "email17@gamail.com", 60, "User17", "Utilisateur17");
insert into utilisateurs (Hash, Email, Age, Username, nom) VALUES ("123", "email18@gamail.com", 60, "User18", "Utilisateur18");
insert into utilisateurs (Hash, Email, Age, Username, nom) VALUES ("123", "email19@gamail.com", 60, "User19", "Utilisateur19");
insert into utilisateurs (Hash, Email, Age, Username, nom) VALUES ("123", "email111@gamail.com", 60, "User111", "Utilisateur111");
insert into utilisateurs (Hash, Email, Age, Username, nom) VALUES ("123", "email112@gamail.com", 60, "User112", "Utilisateur112");
insert into utilisateurs (Hash, Email, Age, Username, nom) VALUES ("123", "email113@gamail.com", 60, "User113", "Utilisateur113");
insert into utilisateurs (Hash, Email, Age, Username, nom) VALUES ("123", "email114@gamail.com", 60, "User114", "Utilisateur114");
insert into utilisateurs (Hash, Email, Age, Username, nom) VALUES ("123", "email115@gamail.com", 60, "User115", "Utilisateur115");
insert into utilisateurs (Hash, Email, Age, Username, nom) VALUES ("123", "email116@gamail.com", 60, "User116", "Utilisateur116");
insert into utilisateurs (Hash, Email, Age, Username, nom) VALUES ("123", "email117@gamail.com", 60, "User117", "Utilisateur117");
insert into utilisateurs (Hash, Email, Age, Username, nom) VALUES ("123", "email118@gamail.com", 60, "User118", "Utilisateur118");
insert into utilisateurs (Hash, Email, Age, Username, nom) VALUES ("123", "email119@gamail.com", 60, "User119", "Utilisateur119");
insert into utilisateurs (Hash, Email, Age, Username, nom) VALUES ("123", "email121@gamail.com", 60, "User121", "Utilisateur121");
insert into utilisateurs (Hash, Email, Age, Username, nom) VALUES ("123", "email122@gamail.com", 60, "User122", "Utilisateur122");
insert into utilisateurs (Hash, Email, Age, Username, nom) VALUES ("123", "email123@gamail.com", 60, "User123", "Utilisateur123");
insert into utilisateurs (Hash, Email, Age, Username, nom) VALUES ("123", "email124@gamail.com", 60, "User124", "Utilisateur124");
INSERT INTO `Utilisateurs` VALUES (33,'https://i.stack.imgur.com/YaL3s.jpg','1cd0b8a184e6903820d357c7f34e7fed7f687b2a','devon04@example.com',74,'uhamill','Alessandra'),(34,'https://i.stack.imgur.com/YaL3s.jpg','94e494a3e1f3be6e46ffd1b3e9a382dee9d2fd18','lynch.matilda@example.com',62,'ismael17','Chyna'),(35,'https://i.stack.imgur.com/YaL3s.jpg','38b4525d90122884836eb822256f5047cdec0a26','iupton@example.com',68,'lehner.destin','Mabel'),(36,'https://i.stack.imgur.com/YaL3s.jpg','efb28a09c5c0829352b01d702e5388b805a7cffa','zakary.walter@example.net',75,'golden.marquardt','Laurence'),(37,'https://i.stack.imgur.com/YaL3s.jpg','a6cbb05ab3d8596d71e69b4d391902cf88acc89c','chaim52@example.com',67,'rodrigo80','Dasia'),(38,'https://i.stack.imgur.com/YaL3s.jpg','712bd7fd9f0d376bcfe5ec0c80850ca132eca4c8','rosalyn48@example.com',66,'fkuphal','Fannie'),(39,'https://i.stack.imgur.com/YaL3s.jpg','730d6f0e4f35ac0c7b9ed49f993c75fd66ecd88b','briana40@example.com',73,'gislason.conner','Margaretta'),(40,'https://i.stack.imgur.com/YaL3s.jpg','4d1abd6e8c41091d65782795043304863d81f5cb','antonetta.emard@example.com',73,'mandy56','Francisca'),(41,'https://i.stack.imgur.com/YaL3s.jpg','857a2e28d48e736575231233b890badddcc23b07','marc.eichmann@example.com',60,'lockman.violet','Alysha'),(42,'https://i.stack.imgur.com/YaL3s.jpg','87d5aa949586b254d018a8cc82a23b1aefa2351f','tpredovic@example.net',62,'dorthy04','Tressa'),(43,'https://i.stack.imgur.com/YaL3s.jpg','f56aa684ec9316aa82dc5631759b3cc78bca2afd','ben.nicolas@example.org',71,'marks.garrick','Janie'),(44,'https://i.stack.imgur.com/YaL3s.jpg','a1d4bb498dc3c38ef7a9c6349129619de7477b39','herman.ayden@example.org',75,'tevin.kub','Isobel'),(45,'https://i.stack.imgur.com/YaL3s.jpg','af93b1e0f82d3b7194a6dcd242694e2ec5c19303','dickens.ryann@example.com',72,'mhyatt','Maddison'),(46,'https://i.stack.imgur.com/YaL3s.jpg','56e60f43c790ec3ee5217f05c6ca0bbd5d1f2e65','adela.abshire@example.org',72,'virginie87','Savanah'),(47,'https://i.stack.imgur.com/YaL3s.jpg','f9ca92589e0d9fa29861ed86101d0c8b5fc80310','garret.kertzmann@example.org',70,'wo\'hara','Anita'),(48,'https://i.stack.imgur.com/YaL3s.jpg','b5068b9ccc37f05dde7d8be3da661e0b224d8081','fbrekke@example.net',66,'dare.viviane','Allene'),(49,'https://i.stack.imgur.com/YaL3s.jpg','c6a52d1e147c95cdffd827c2ed3c47310ca884ac','kjakubowski@example.org',62,'norma.pfannerstill','Alverta'),(50,'https://i.stack.imgur.com/YaL3s.jpg','9bef3b51a5991dcffda5d37c172058fee7c68626','zhamill@example.org',65,'hauck.coralie','Savanna'),(51,'https://i.stack.imgur.com/YaL3s.jpg','8a4f985e1a75646754ade1053148e46721505509','dbauch@example.net',70,'alvena31','Amira'),(52,'https://i.stack.imgur.com/YaL3s.jpg','4b755134ce65f2b9b1bee7367347457032933079','leda.ziemann@example.com',63,'guy82','Hellen'),(53,'https://i.stack.imgur.com/YaL3s.jpg','44607ea40864bde350c4281c5a3fe18c6a7266b9','mferry@example.org',69,'auer.hyman','Emily'),(54,'https://i.stack.imgur.com/YaL3s.jpg','fb1f9bb09a64b8de4e1b0fded7404c782dc74f5e','jarrett86@example.org',62,'funk.esmeralda','Felicia'),(55,'https://i.stack.imgur.com/YaL3s.jpg','064acf92496f1cbb0b1b6bbc87117016d2395ccb','zita.collier@example.com',68,'bbergnaum','Adriana'),(56,'https://i.stack.imgur.com/YaL3s.jpg','8fa1a0c85dde55c7ffb968ebf7479c64f875535d','turner.welch@example.net',61,'angelina22','Vicenta'),(57,'https://i.stack.imgur.com/YaL3s.jpg','cd6402c58787eaf27c80a7abb31309257fd2c309','hayden.mcdermott@example.com',74,'stroman.reid','Aurore'),(58,'https://i.stack.imgur.com/YaL3s.jpg','b6035315303a54fd9ec20279a2f843d3d5cb8851','emorissette@example.net',63,'klowe','Birdie'),(59,'https://i.stack.imgur.com/YaL3s.jpg','2a79cf81cf37991724fe533cb826e7109273d0ac','xcormier@example.net',59,'reinhold.thiel','Annamarie'),(60,'https://i.stack.imgur.com/YaL3s.jpg','91851b1af9a93e23ebb4da3c205ab2d96741602e','elian52@example.com',63,'gusikowski.rosie','Ivory'),(61,'https://i.stack.imgur.com/YaL3s.jpg','63de65c4b934a980fdba1d4550910880b91d1da9','schuppe.andres@example.com',60,'ali.denesik','Euna'),(62,'https://i.stack.imgur.com/YaL3s.jpg','1a55a5395141e17968b32ddaa2a16fa500c37ca1','earline.vonrueden@example.net',63,'hrice','Abigale'),(63,'https://i.stack.imgur.com/YaL3s.jpg','f41319f119dc478a04e268a4617b2132b1b92374','gretchen75@example.org',75,'nhowe','Odie'),(64,'https://i.stack.imgur.com/YaL3s.jpg','68f2543ffa0a69d980a5257c3c101191c425f347','jean65@example.net',71,'damion.gottlieb','Amira'),(65,'https://i.stack.imgur.com/YaL3s.jpg','14daa912713336bdb350f16fd7db820819a77b47','lemke.opal@example.org',65,'rachael.howell','Ilene'),(66,'https://i.stack.imgur.com/YaL3s.jpg','113d90536acf296825faa41c6d5e0cc462ba6cdf','egreenholt@example.com',73,'domenica.gleichner','Brionna'),(67,'https://i.stack.imgur.com/YaL3s.jpg','59c6275aafbdc7093eb6508e857f4488f393931b','keebler.priscilla@example.net',73,'terry.emory','Lucile'),(68,'https://i.stack.imgur.com/YaL3s.jpg','ee37563de9eebf4f643ee4b24c893533eceab6de','jordi70@example.com',67,'vita.johns','Jayda'),(69,'https://i.stack.imgur.com/YaL3s.jpg','1260dcb99ae02f55beefab2bbfa2908c6caa6e50','geovany49@example.org',74,'makenna.heidenreich','Shayna'),(70,'https://i.stack.imgur.com/YaL3s.jpg','e08cda53717d22567f97a1ee520596591200198b','ila99@example.com',62,'rogahn.laurie','Mandy'),(71,'https://i.stack.imgur.com/YaL3s.jpg','f9346e50523df053faaf57b9d04d099f6d18d6bd','dicki.clemmie@example.net',62,'sbatz','Juliana'),(72,'https://i.stack.imgur.com/YaL3s.jpg','e3d1788204e2c2ac5ef0d1fee153aba853ce055d','ssmitham@example.com',64,'ofranecki','Lila'),(73,'https://i.stack.imgur.com/YaL3s.jpg','fac8672bdbeec7d42b330ebec5dac878ccd3ec5d','myles.purdy@example.net',74,'dhirthe','Susan'),(74,'https://i.stack.imgur.com/YaL3s.jpg','758675ec9013d70c9068bc67b0009255aec7303e','theron.blick@example.com',71,'hortiz','Freda'),(75,'https://i.stack.imgur.com/YaL3s.jpg','917df224b92e64b5a3c82d28fd825bf4f7b79c62','zgreen@example.org',74,'frami.francis','Pat'),(76,'https://i.stack.imgur.com/YaL3s.jpg','6649286cb7943b4bd98e7e3120fc079b2879d120','royce45@example.net',70,'wyman.nathanael','Hellen'),(77,'https://i.stack.imgur.com/YaL3s.jpg','8e4caa20543eb38da258b1e7cb579cbd142b5640','towne.dillon@example.net',68,'sadie75','Salma'),(78,'https://i.stack.imgur.com/YaL3s.jpg','fddedbdfc3a33dc036966959921508ebec03de17','shawn40@example.com',64,'upton.johnson','Felicia'),(79,'https://i.stack.imgur.com/YaL3s.jpg','5e8b77965901400e6f7395fcb6623bd05adde490','wraynor@example.com',62,'gyundt','Zita'),(80,'https://i.stack.imgur.com/YaL3s.jpg','cae389cfc2d9569129b9481ee124826ff5d0da62','west.dena@example.com',65,'crooks.providenci','Lauretta'),(81,'https://i.stack.imgur.com/YaL3s.jpg','d9b9d79ca8bda50d02ad9e9fe0fc62476b2b4ed5','pasquale34@example.net',70,'agerhold','Evie'),(82,'https://i.stack.imgur.com/YaL3s.jpg','60fe9afc36f4a800630232adb0d2e23487aa075d','larson.george@example.com',59,'luis.wiza','Thelma'),(83,'https://i.stack.imgur.com/YaL3s.jpg','f7e0e882162d59099084c430b37cb81231c068de','john19@example.org',62,'asia77','Judy'),(84,'https://i.stack.imgur.com/YaL3s.jpg','9860fd5bedde155ef95dd4991fcab0ef3178d597','ibednar@example.com',74,'davion.weber','Jaquelin'),(85,'https://i.stack.imgur.com/YaL3s.jpg','3c4101710cbc0e964ebc5b8dc62bbef870f99b1f','portiz@example.com',73,'mayer.walter','Theresa'),(86,'https://i.stack.imgur.com/YaL3s.jpg','2ba58899e887f87d3942736c50b9d2116a126d54','hintz.reginald@example.org',61,'daren86','Johanna'),(87,'https://i.stack.imgur.com/YaL3s.jpg','bb0742d0a834cd9f4cabe0c690d9f7d0859047ab','ilynch@example.org',69,'keshawn21','Hailee'),(88,'https://i.stack.imgur.com/YaL3s.jpg','b5348569804b8d399e2e3047f47f81c84ebbe5bb','kory.hahn@example.org',72,'estrella21','Danielle'),(89,'https://i.stack.imgur.com/YaL3s.jpg','a295cb42b5b35b7b12f4d3a94846f3d054c5d039','arnaldo.schamberger@example.com',75,'stoltenberg.marquis','Dina'),(90,'https://i.stack.imgur.com/YaL3s.jpg','e75438c56bbcefdb9e688f306d000dd9318f3f45','tromp.ollie@example.net',59,'kertzmann.columbus','Clemmie'),(91,'https://i.stack.imgur.com/YaL3s.jpg','184ef8776927ed7e8f7fdb38ec6ddf16025b1b35','arturo.witting@example.org',68,'schultz.lillian','Jordane'),(92,'https://i.stack.imgur.com/YaL3s.jpg','be50283d28537e6a9fce75753b6d1ef245fddb22','breana.cartwright@example.net',70,'amohr','Aisha'),(93,'https://i.stack.imgur.com/YaL3s.jpg','2a941ecfaf841bc57b87e30989b37e260aaab404','amely.boyle@example.com',61,'niko40','Skyla'),(94,'https://i.stack.imgur.com/YaL3s.jpg','0f2cf1a20a253d6344b4d26f7f9f1a1b3248592a','mmraz@example.org',70,'deborah56','Bessie'),(95,'https://i.stack.imgur.com/YaL3s.jpg','1cc954864efc50ed9e7679b07b91613d4c38c6d4','henry73@example.net',63,'hadley.abernathy','Lilyan'),(96,'https://i.stack.imgur.com/YaL3s.jpg','5016f0a48df2c31436957ee642ec406853ea8486','gbahringer@example.org',70,'jeanne50','Ashtyn'),(97,'https://i.stack.imgur.com/YaL3s.jpg','98d19f397fdbf0ef01ded4220636b4cd951e93a5','morar.rebekah@example.com',62,'smitham.arvid','Dena'),(98,'https://i.stack.imgur.com/YaL3s.jpg','a801de46a7c0b17c1ed8dd088ceeccaeaa89557f','little.felton@example.com',59,'rwalker','Imogene'),(99,'https://i.stack.imgur.com/YaL3s.jpg','6817e279a1b84ad85389be715859f57d9f29b97a','reece.mckenzie@example.net',64,'greenholt.polly','Laney'),(100,'https://i.stack.imgur.com/YaL3s.jpg','019fcd3d9af09f5fe4f8af609c6e7a6858abb269','santos61@example.net',72,'pmaggio','Chanelle'),(101,'https://i.stack.imgur.com/YaL3s.jpg','7b4f917f9216dfd14ca4c2845135e0d31c794fe0','nola.o\'conner@example.com',70,'macie.crona','Lyda'),(102,'https://i.stack.imgur.com/YaL3s.jpg','138ae0fe033f30e9a9c60c48fe3d637f427bc3a2','khoppe@example.org',63,'cbayer','Dina'),(103,'https://i.stack.imgur.com/YaL3s.jpg','fbbe7cd0327cb5dab34103c65fbc5efd39bfc7c9','bdaniel@example.org',63,'josiah67','Abbey'),(104,'https://i.stack.imgur.com/YaL3s.jpg','0a80f8eec9b394e45f234c682a41adb05b3b9ef5','kane.jaskolski@example.org',74,'noemie53','Oceane'),(105,'https://i.stack.imgur.com/YaL3s.jpg','313a0597df7e8c4b79ad6d009c71a724ce92360b','adan58@example.com',65,'enid89','Mabel'),(106,'https://i.stack.imgur.com/YaL3s.jpg','a1155aa9d26d245deab6ce61cbb9a20d5413066e','ptreutel@example.com',68,'arnaldo48','Ursula'),(107,'https://i.stack.imgur.com/YaL3s.jpg','7198dd3e9b4e75f3a4c57af0538e9461d834a10a','emclaughlin@example.net',60,'bogan.avery','Rebeca'),(108,'https://i.stack.imgur.com/YaL3s.jpg','f2db984689d9807d8390a30320f60d6ca12e01e4','sallie.moen@example.net',61,'xglover','Ebony'),(109,'https://i.stack.imgur.com/YaL3s.jpg','237c7389c89340173d2f5934dd31551562c86677','vonrueden.raheem@example.com',61,'deven.skiles','Tamara'),(110,'https://i.stack.imgur.com/YaL3s.jpg','180e980bbc9c66c4bb32f181b02af7b6f5193c5c','jazmin.yundt@example.com',73,'josue49','Daija'),(111,'https://i.stack.imgur.com/YaL3s.jpg','a19ce9650ac11cc974745aadd4fa4ce6464d08d4','nienow.cole@example.org',65,'pgraham','Ernestine'),(112,'https://i.stack.imgur.com/YaL3s.jpg','26f66878df7b004ee528928ebc55ec63be4cf280','yhoeger@example.net',64,'zdouglas','Meaghan'),(113,'https://i.stack.imgur.com/YaL3s.jpg','e4031c985e6ee21ab27b46fe37e43baf06158a52','carleton29@example.net',59,'roman.ullrich','Oleta'),(114,'https://i.stack.imgur.com/YaL3s.jpg','4de8d00393f437466f9a76a4ad61a7e256ecf14e','kuphal.sonny@example.org',73,'chelsey.emard','Shanie'),(115,'https://i.stack.imgur.com/YaL3s.jpg','a9bd160602fa837b4decfdbcd10073e57fe78782','eusebio17@example.com',64,'williamson.marie','Kaylee'),(116,'https://i.stack.imgur.com/YaL3s.jpg','82bba38f82789857ba7f28fa7150fe9d26ff69bb','demarcus39@example.com',74,'tlang','Augusta'),(117,'https://i.stack.imgur.com/YaL3s.jpg','dcc6ae47ad0b6bb84c4ad24caf4aa68066fe603d','khartmann@example.net',66,'graham.marianna','Aditya'),(118,'https://i.stack.imgur.com/YaL3s.jpg','0edad76c15bfdd97750ae1f5b611aba8542bf32b','leuschke.rex@example.net',60,'kian.shanahan','Trudie'),(119,'https://i.stack.imgur.com/YaL3s.jpg','b5f672d501c4fbb3ba026aa023738b9a731f3b56','umayert@example.org',59,'kuhn.orie','Rachelle'),(120,'https://i.stack.imgur.com/YaL3s.jpg','2958361d665cde68aa366ded2c3523e7c1738abd','emoen@example.com',72,'parker.rosalind','Margarette'),(121,'https://i.stack.imgur.com/YaL3s.jpg','154c89b6f3d18836962c148c3cd153b1cbb5c790','billy.auer@example.net',73,'otha.stroman','Micaela'),(122,'https://i.stack.imgur.com/YaL3s.jpg','3f16705fc7d5ab6c57190c01979515a7af05a671','connor.boyle@example.com',75,'wendy.dietrich','Marion'),(123,'https://i.stack.imgur.com/YaL3s.jpg','717afad50c64f7318855165fdfa311ea38ad9e1d','elbert.franecki@example.com',73,'qferry','Anne'),(124,'https://i.stack.imgur.com/YaL3s.jpg','8aa8dd095321dce4f70d1a2f5d56ca32a0eacf50','myah44@example.net',71,'eloise89','Erica'),(125,'https://i.stack.imgur.com/YaL3s.jpg','537a5b78746a7da78617476821f2d0af226216c4','dean.collins@example.com',62,'urban39','Idella'),(126,'https://i.stack.imgur.com/YaL3s.jpg','7290279b8f2da0404f7076ea4f0625ed117a2431','roob.ardella@example.com',71,'fwolff','Kayli'),(127,'https://i.stack.imgur.com/YaL3s.jpg','3a21184c9ae54d31f31dcfb4066b5789c5d31103','dickinson.danyka@example.org',59,'mckenzie.branson','Shyanne'),(128,'https://i.stack.imgur.com/YaL3s.jpg','efc7a0ffae4524589158b4f277e2259c72056400','geoffrey25@example.com',60,'dcollins','Mary'),(129,'https://i.stack.imgur.com/YaL3s.jpg','8ede018b019398f4051ff2c87f208ad706681876','henriette.hayes@example.com',60,'stracke.theodora','Hope'),(130,'https://i.stack.imgur.com/YaL3s.jpg','5ec3bdc4628f443999e1cdb67b455910c7cb92d9','rbotsford@example.org',68,'alvah93','Leila'),(131,'https://i.stack.imgur.com/YaL3s.jpg','453acb99194c1f076cc53de8216cc7050ad7173f','erna81@example.org',74,'ebeatty','Stephany'),(132,'https://i.stack.imgur.com/YaL3s.jpg','49f99221d7b080871b2e9c003b12baeaf4401bf9','frederique.rosenbaum@example.com',75,'schmidt.genevieve','Elisabeth'),(133,'https://i.stack.imgur.com/YaL3s.jpg','eda7d7b39d704c1a147305e06156269305ef78b7','kferry@example.org',62,'dpadberg','Alice'),(134,'https://i.stack.imgur.com/YaL3s.jpg','231604dd2094333dfc70296edd6c408dc42a3d61','nhills@example.net',65,'otorphy','Candace'),(135,'https://i.stack.imgur.com/YaL3s.jpg','9e8de65420b97107d74106f8afd19792f3f2d8b5','vkohler@example.org',68,'nicolas.jeramy','Marguerite'),(136,'https://i.stack.imgur.com/YaL3s.jpg','0260c1401281a450d43aac8a53ff4ef5e25c4b72','beier.hans@example.com',66,'eugene48','Carolyn'),(137,'https://i.stack.imgur.com/YaL3s.jpg','826e857e1680286fb0bf7edaa00755fe4f8e13eb','wmetz@example.com',59,'ratke.buster','Frieda'),(138,'https://i.stack.imgur.com/YaL3s.jpg','2b9c98372465c2093aa6f492def4e3dff13fbd9b','rowe.rowena@example.net',72,'elouise45','Clemmie'),(139,'https://i.stack.imgur.com/YaL3s.jpg','68feba511c141ed569315cff602200b2b591997b','syost@example.net',62,'pjerde','Isobel'),(140,'https://i.stack.imgur.com/YaL3s.jpg','6ca249fd579915936ca55845d75392e79993204d','o\'reilly.elmo@example.org',60,'sofia27','Wilma'),(141,'https://i.stack.imgur.com/YaL3s.jpg','38073289462829849274ff75f9a14f578c4ea0ef','parisian.reymundo@example.org',70,'klein.chris','Raphaelle'),(142,'https://i.stack.imgur.com/YaL3s.jpg','4f88327a00dd61432acaf3bc543d4c2a3cb2e37c','kuhlman.karine@example.net',72,'bethel76','Carmela'),(143,'https://i.stack.imgur.com/YaL3s.jpg','5931e2e5cd463f0d46be33cf3ff73635b6665282','terry.edna@example.net',64,'kbreitenberg','Bridgette'),(144,'https://i.stack.imgur.com/YaL3s.jpg','4173dedce668578179e86ec3ae7b179af7b7fda7','nikolas00@example.com',63,'michele.littel','Skyla'),(145,'https://i.stack.imgur.com/YaL3s.jpg','f478f9823ca695666e9e34020a046f0cf9073f17','klein.evelyn@example.com',60,'hanna.prosacco','Kristin'),(146,'https://i.stack.imgur.com/YaL3s.jpg','b914dc3342bed9f0f07cd6b79ec8c9fcd4bce75a','haylie.king@example.net',71,'wkonopelski','Claudia'),(147,'https://i.stack.imgur.com/YaL3s.jpg','0809bc0ac0ac0268a45e910b8a2434518a3380b9','vandervort.lilla@example.org',63,'cyril36','Peggie'),(148,'https://i.stack.imgur.com/YaL3s.jpg','0bd6f7eecc567d28d246b3f529889f85ac8e2efc','crist.bryon@example.net',67,'leopold95','Jaida'),(149,'https://i.stack.imgur.com/YaL3s.jpg','13edb77148bf134ca494960f069dcc634eb3b645','emanuel63@example.com',73,'owatsica','Leanne'),(150,'https://i.stack.imgur.com/YaL3s.jpg','c0559564d505d9e8fffff0af18c4665294ae6e26','buckridge.michel@example.org',73,'tweissnat','Jakayla'),(151,'https://i.stack.imgur.com/YaL3s.jpg','be51f56d4c030421a30ad8239251f18ff84c60c2','alize.stracke@example.com',62,'bradtke.monte','Winifred'),(152,'https://i.stack.imgur.com/YaL3s.jpg','478d846d9be7ccaff36c51fbd4868e978bbfd777','mfisher@example.org',74,'gavin.bashirian','Clare'),(153,'https://i.stack.imgur.com/YaL3s.jpg','4431bf7ba700054e8f450d4d713235b4d5806ca3','xbarton@example.net',67,'veum.lolita','Ettie'),(154,'https://i.stack.imgur.com/YaL3s.jpg','7e447d2e9afeb7f28cde6547023eaf769d22d138','monahan.edwin@example.org',72,'rhiannon.hammes','Fabiola'),(155,'https://i.stack.imgur.com/YaL3s.jpg','d7b336fca827bdfaeb5dcd40581d8c07b622c5fa','kendra58@example.org',73,'paige.corwin','Edna'),(156,'https://i.stack.imgur.com/YaL3s.jpg','eba4f4aee63324d9ca4398676c5b37df65797e39','hintz.jabari@example.org',62,'marjory59','Pauline'),(157,'https://i.stack.imgur.com/YaL3s.jpg','1264bf3c01eb61ddbb98ab7ffac6b0b720f3c948','mclaughlin.nyah@example.net',59,'lydia.mueller','Enola'),(158,'https://i.stack.imgur.com/YaL3s.jpg','8863d340cdfbf82c9811589b45653eabc06c76b9','richmond40@example.net',70,'edyth92','Sister'),(159,'https://i.stack.imgur.com/YaL3s.jpg','16b89a30c13e3defa758b8b1108e71816441be07','muriel.stanton@example.net',64,'kendall64','Mertie'),(160,'https://i.stack.imgur.com/YaL3s.jpg','bd36b9fd2fe9634e1b2abdc3cfa577273d2e02d4','will.harris@example.net',67,'sydnee39','Adelle'),(161,'https://i.stack.imgur.com/YaL3s.jpg','14e510b39a18f172571ce076fbef06590f2eb37e','braun.adalberto@example.org',60,'mayert.marcelina','Mercedes'),(162,'https://i.stack.imgur.com/YaL3s.jpg','4ad4751aa60b33e8835ce7effbfb7ceceff63820','immanuel87@example.org',74,'grace.daugherty','Verna'),(163,'https://i.stack.imgur.com/YaL3s.jpg','fca9c45c77820bbf82d2bc92454252278434d0cb','gottlieb.rosalee@example.com',64,'stracke.leola','Kristy'),(164,'https://i.stack.imgur.com/YaL3s.jpg','55a65ef3ed620be395d0a782014d5550c375e7c5','wendy96@example.com',73,'alek.haag','Annetta'),(165,'https://i.stack.imgur.com/YaL3s.jpg','35a07a7e155299d337e6a6a4fbb20b8340b187f6','jamarcus.dibbert@example.org',62,'tfunk','Aniyah'),(166,'https://i.stack.imgur.com/YaL3s.jpg','3d355d032a746c2b2fe96908ffb5aa882360b0a0','estark@example.net',60,'linnea52','Keira'),(167,'https://i.stack.imgur.com/YaL3s.jpg','1f67b4b6e589dbcaa60fa22765e4828e0c6ec41e','gsauer@example.com',69,'qturner','Sibyl'),(168,'https://i.stack.imgur.com/YaL3s.jpg','e17ec7749b0462c2adbb77d33ce76c070b224378','mayert.carlie@example.org',66,'owen91','Mariam'),(169,'https://i.stack.imgur.com/YaL3s.jpg','df5488e7b8a1e9402a4b64c695ce8a206fd12c39','hazel.christiansen@example.com',69,'powlowski.fabian','Georgette'),(170,'https://i.stack.imgur.com/YaL3s.jpg','99e7fc84270f5088484c1c6f4a235b3bb9cc4536','fadel.louvenia@example.org',61,'chase60','Veronica'),(171,'https://i.stack.imgur.com/YaL3s.jpg','cea4fc8c74651556763c5fdaf578892487a5a318','brigitte55@example.com',61,'vdoyle','Augustine'),(172,'https://i.stack.imgur.com/YaL3s.jpg','6662e8c288fa1e461c374889ef748fa18313c2fb','acole@example.net',68,'bgerlach','Nettie'),(173,'https://i.stack.imgur.com/YaL3s.jpg','fe9dd54ca7f17abd5940b05f89bdda876a17612e','maxwell.kulas@example.org',62,'quinton84','Brooke'),(174,'https://i.stack.imgur.com/YaL3s.jpg','44bc22ae26f3f80f2d62e73fe43cb9cdc2a06289','o\'conner.joanne@example.net',73,'miller57','Keara'),(175,'https://i.stack.imgur.com/YaL3s.jpg','6822070a3e7e6fbc2e913817813eecd167d0cc81','johnston.ashlynn@example.com',71,'palma46','Delta'),(176,'https://i.stack.imgur.com/YaL3s.jpg','aad4750680f7898bbbaf30effa70a8fe6efba29f','cordia34@example.net',74,'herminia.rowe','Lenna'),(177,'https://i.stack.imgur.com/YaL3s.jpg','0ed42b6c283cf98f21752818fde86578d0ab39b3','bahringer.elmo@example.com',66,'gilberto58','Hanna'),(178,'https://i.stack.imgur.com/YaL3s.jpg','2fdc96cb392fa1de82805069682fec57e39c19da','greenfelder.kaden@example.net',63,'celine.welch','Roselyn'),(179,'https://i.stack.imgur.com/YaL3s.jpg','f09b9540399768da63a06cd6d5ee13a1cc314685','dbeier@example.org',61,'hessel.horace','Beth'),(180,'https://i.stack.imgur.com/YaL3s.jpg','20d3b95aecd026045e24e14d962191ec5ec8989b','clement33@example.org',69,'retha.franecki','Cathrine'),(181,'https://i.stack.imgur.com/YaL3s.jpg','49c93da1d3bc46c1d610cbe63b371189f586ab93','bgreenholt@example.com',59,'mona83','Sarai'),(182,'https://i.stack.imgur.com/YaL3s.jpg','6dbbc51b66648934803ef06ecf47844ac8f60341','oscar46@example.com',63,'britney.mosciski','Susana'),(183,'https://i.stack.imgur.com/YaL3s.jpg','2ebc0f05dac74a6ba26e7e974338b273aa1213c9','breana.crona@example.com',67,'golda.bosco','Meda'),(184,'https://i.stack.imgur.com/YaL3s.jpg','d3037a3c020d2a1758d43b419259207afdcc2a4a','samson.koss@example.com',71,'ozboncak','Josianne'),(185,'https://i.stack.imgur.com/YaL3s.jpg','322a04158b1ef76b7445069e5de903cba104b627','lindsay22@example.org',75,'lstreich','Lilly'),(186,'https://i.stack.imgur.com/YaL3s.jpg','876f2f4103353c094ed47d92d4c485475c2f70a2','emerald.brekke@example.org',66,'jayme75','Evie'),(187,'https://i.stack.imgur.com/YaL3s.jpg','7027f73b32f2df3edd35fcc32cd0dede6f261584','deon.haley@example.net',61,'maya.swaniawski','Meda'),(188,'https://i.stack.imgur.com/YaL3s.jpg','3f7d92ec7e0df391b46502c26dbed8f64892b439','kuvalis.ardith@example.com',61,'alexandre36','Mallie'),(189,'https://i.stack.imgur.com/YaL3s.jpg','7086b8fc06e302b33a70ba5b7948c3f972921921','clara01@example.com',64,'schoen.kyla','Katarina'),(190,'https://i.stack.imgur.com/YaL3s.jpg','499d5f1f51a93f1ff3b6379b0213e50511873e4c','johnson10@example.com',65,'zeichmann','Hope'),(191,'https://i.stack.imgur.com/YaL3s.jpg','9c40c81fd281ebf15fff77369bc8b2c82ba1bcb6','hansen.aniya@example.net',63,'diamond89','Asha'),(192,'https://i.stack.imgur.com/YaL3s.jpg','bfd4acd30d2a3aecd1e8e53de9b99b2e40e018e8','vborer@example.org',60,'xcollier','Abagail'),(193,'https://i.stack.imgur.com/YaL3s.jpg','287016dc81fb539b3978fa1202a8d0603c0e9ade','renner.kenya@example.com',69,'pollich.mallie','Valentina'),(194,'https://i.stack.imgur.com/YaL3s.jpg','5c6d0aed935e084415ea2667973468901955cd9b','twiza@example.org',75,'daniela.hammes','Otilia'),(195,'https://i.stack.imgur.com/YaL3s.jpg','6a9bbc93d5877411d22b6cb79b2f5c8077689e7f','kgleason@example.org',66,'fsanford','Kenya'),(196,'https://i.stack.imgur.com/YaL3s.jpg','c6bd32cd81c1126a9b818b241016f7e227d73ba9','fredrick87@example.com',67,'ashlynn18','Verlie'),(197,'https://i.stack.imgur.com/YaL3s.jpg','9b9de806083156361c25b360f9293740d303300f','lenna59@example.org',71,'reva49','Queenie'),(198,'https://i.stack.imgur.com/YaL3s.jpg','70db871c220b3a6d1e2dcb7b63474bbeb845c565','nia.brown@example.org',67,'king.maye','Josefina'),(199,'https://i.stack.imgur.com/YaL3s.jpg','a624420ad8b14626f769d5a6b4adecc404ff8b03','hkautzer@example.com',60,'vivian11','Amaya'),(200,'https://i.stack.imgur.com/YaL3s.jpg','681ba6627c9d1c8eb9c0151116517776acb89cd8','briana90@example.net',68,'lowe.carter','Amber');

INSERT INTO `Cree` VALUES (8,28),(9,2),(135,31),(41,40),(94,48),(15,5),(63,33),(198,13),(6,12),(165,24),(181,14),(169,4),(122,46),(3,26),(75,19),(172,25),(8,37),(4,34),(57,6),(42,39),(131,18),(111,45),(13,38),(87,27),(161,47),(19,16),(178,35),(29,30),(138,3),(129,7),(87,32),(87,8),(69,22),(6,15),(11,10),(84,1),(108,21),(184,11),(82,36),(56,20),(18,17),(130,43),(26,44),(101,23),(153,41),(150,42),(188,29),(8,9);

INSERT INTO `Commentaire` VALUES (1,'Dolores ut sapiente dolor vitae nulla qui.',54,47),(2,'Et ipsam qui dolore voluptatem.',105,36),(3,'Qui et animi est excepturi.',65,14),(4,'Quod debitis eius deserunt aut ab unde.',197,13),(5,'Ratione sunt et quos fugit autem quis repellat.',117,47),(6,'Rerum qui doloribus voluptatem debitis qui iusto eum.',27,14),(7,'Et perspiciatis cum in qui.',97,3),(8,'Nemo dicta sed dolorem expedita veniam voluptas voluptatem voluptate.',64,43),(9,'In vero cupiditate et omnis.',194,26),(10,'Optio architecto dignissimos est quam.',191,3),(11,'In quia voluptatum sed.',6,23),(12,'Impedit labore cum eos rerum atque quia.',133,7),(13,'Et distinctio omnis veritatis aut beatae aperiam nam.',60,4),(14,'Omnis dignissimos corporis earum magnam.',188,35),(15,'Enim repellat rem maiores molestiae quisquam.',82,28),(16,'Id ipsum rerum ut eaque nisi quia rem facilis.',142,18),(17,'Nesciunt nulla qui velit voluptates placeat consequatur consectetur.',171,14),(18,'Illo in magni quibusdam sunt ea eligendi cupiditate impedit.',109,27),(19,'Aut autem dolores aut quasi excepturi nam eveniet.',126,23),(20,'Voluptatibus sunt velit sunt numquam ratione dolores est impedit.',3,39),(21,'Illum suscipit provident consequuntur ad facilis dolor vel.',59,41),(22,'Est beatae omnis non quidem eos et non.',29,46),(23,'Labore quas aliquam maiores necessitatibus.',152,6),(24,'In neque et itaque illum.',147,22),(25,'Quia animi doloremque veritatis quo doloremque alias.',75,36),(26,'Veritatis vitae nulla ut consequuntur.',153,17),(27,'Odit vel et quae sed vel et.',150,30),(28,'Aut quis quia qui.',119,13),(29,'Consectetur quia aut qui quibusdam quis.',189,29),(30,'Placeat quis aspernatur eaque ducimus corporis.',87,45),(31,'Iure sunt harum officia expedita occaecati et.',111,45),(32,'Et pariatur ut ut pariatur ducimus cupiditate praesentium.',182,31),(33,'Eum aut eligendi illo omnis sed aliquid maxime saepe.',33,2),(34,'Aut quisquam amet aut ut corrupti.',38,12),(35,'Dolorum cumque ipsum earum qui magnam non aut.',156,16),(36,'Consequatur in qui sed assumenda ex et.',3,40),(37,'Ipsum pariatur hic aut in rem numquam consequatur quo.',177,25),(38,'Quos temporibus et repellendus quia eos minima cum.',35,17),(39,'Earum sit aliquid optio porro.',168,25),(40,'Et dolores aut quod corporis quae occaecati aut.',122,14),(41,'A voluptates in ad non at repellat veniam aut.',55,18),(42,'Ut officiis est molestiae facere occaecati explicabo ex ut.',127,47),(43,'Asperiores sint vero omnis cumque quo fuga distinctio.',182,44),(44,'Saepe aut dolorem illum error.',194,21),(45,'Eos autem inventore doloremque iusto repellat quis facilis.',26,38),(46,'Esse ducimus cum quia in.',101,32),(47,'Qui placeat laboriosam a laudantium distinctio quisquam.',34,41),(48,'Officiis tempora ipsam sequi quibusdam quis rem placeat.',136,24),(49,'Mollitia dolorum odit possimus enim.',118,28),(50,'Dolorem dolore vitae alias aperiam laudantium rerum laudantium.',34,14),(51,'Et eum qui molestiae facilis.',58,23),(52,'Qui reiciendis culpa consequatur debitis nemo.',77,48),(53,'Commodi ea libero et quod.',189,12),(54,'Tempore commodi recusandae placeat ipsam est.',67,11),(55,'Nobis dolores ut aut.',125,27),(56,'Nesciunt et cum et neque.',98,38),(57,'Unde et eligendi dolorem voluptatem ut.',97,33),(58,'Excepturi sit reprehenderit consequatur explicabo aperiam id quas voluptas.',131,10),(59,'Aut officia inventore saepe dicta iusto et debitis.',128,25),(60,'Laborum nemo sed aperiam.',109,34),(61,'Illum qui est laboriosam et voluptatem incidunt aliquid.',41,20),(62,'Dolorem repellendus sit labore.',137,4),(63,'Itaque temporibus aut qui enim.',114,29),(64,'Non quam asperiores maxime velit.',42,28),(65,'Tenetur ullam est architecto ea harum ipsum ea.',108,46),(66,'Enim maiores architecto tempore expedita a necessitatibus ut nam.',68,27),(67,'Sed quia voluptas tempore eum aut saepe deleniti.',143,31),(68,'Qui sed et qui reprehenderit.',98,29),(69,'Voluptates rerum doloremque autem omnis tempore maxime impedit.',9,44),(70,'Non sequi deleniti quam ad.',41,8),(71,'Quod esse enim inventore quia labore.',70,35),(72,'Sit aut omnis repellat accusamus.',64,10),(73,'Odio ducimus debitis soluta velit.',101,38),(74,'Velit amet consequatur non nesciunt aut expedita rerum.',128,32),(75,'Nihil corporis dignissimos qui ab qui.',96,42),(76,'Quidem voluptatem velit veritatis doloremque.',169,22),(77,'Voluptas porro qui id odio enim.',44,30),(78,'Voluptatem voluptatum molestias et voluptas.',93,44),(79,'Fuga suscipit impedit ullam est.',63,40),(80,'Cum magni est quos et blanditiis.',82,35),(81,'Velit officia animi consectetur voluptas molestiae aut.',99,35),(82,'Quo consectetur maxime omnis quo distinctio voluptatem dignissimos reprehenderit.',184,1),(83,'Libero et sint est cumque quo eos.',182,2),(84,'Maiores fugit ipsum itaque vel itaque ea.',37,3),(85,'Hic eveniet repudiandae voluptatem consequatur asperiores voluptatibus.',97,42),(86,'Qui non dolores et quisquam eos est.',64,20),(87,'Sed qui officiis corporis enim odio perferendis qui voluptatem.',122,13),(88,'Asperiores dolor qui vel est.',149,1),(89,'Voluptatem maxime vero iste enim.',149,14),(90,'Et itaque quia qui velit voluptatem.',195,28),(91,'Eos inventore placeat amet dolor fuga doloremque cumque.',41,21),(92,'Necessitatibus qui cum aperiam recusandae velit doloremque.',146,8),(93,'Similique soluta earum qui praesentium molestiae.',184,30),(94,'Enim molestiae unde hic distinctio sunt animi.',75,40),(95,'Praesentium numquam et veritatis.',170,9),(96,'Nam possimus earum consectetur exercitationem iste assumenda.',139,7),(97,'Est cum facilis eaque non accusantium.',91,42),(98,'Vel a minus sint nostrum quod repellat molestiae.',127,10),(99,'Iure quae dolorem et et.',117,27),(100,'Autem sint sed optio facilis quos vero soluta.',56,35),(101,'Soluta quam quia velit nam repellendus sint corporis et.',38,20),(102,'Ratione tempora et unde et distinctio accusantium aperiam.',110,24),(103,'Ut dignissimos et adipisci provident molestiae commodi.',199,3),(104,'Nostrum consequatur beatae repudiandae autem nihil perferendis ut.',3,33),(105,'Est exercitationem hic quo rerum.',162,20),(106,'Omnis enim adipisci neque quia.',187,21),(107,'Reiciendis aut et excepturi.',27,47),(108,'Ratione et quis qui voluptatem delectus.',6,27),(109,'Suscipit sed earum est deleniti corrupti aut deleniti.',7,17),(110,'Molestias iure repellendus reiciendis sint.',1,3),(111,'Ea ipsam repellendus necessitatibus officia magni.',104,38),(112,'Nemo non omnis consequuntur eum nostrum et.',64,11),(113,'Ut vel ut sint impedit.',34,17),(114,'Illo nesciunt suscipit quia fuga.',112,10),(115,'Harum quia tenetur odio recusandae neque perspiciatis nisi.',146,4),(116,'Sit sed at laboriosam non.',174,33),(117,'Sed voluptatem enim iusto officiis.',114,13),(118,'Dolores consequuntur minus vitae ad.',93,26),(119,'Labore velit incidunt aut autem quas.',48,46),(120,'Ea facilis voluptate et aut quos laudantium.',12,13),(121,'Sunt debitis aut numquam aperiam aliquid qui ad.',172,38),(122,'Aut ut esse sit dolores saepe ut corrupti ea.',64,37),(123,'Velit nam non dolorem temporibus voluptas aliquam.',151,27),(124,'Dignissimos quia doloribus est velit.',55,17),(125,'Praesentium laboriosam non ipsum laboriosam et.',97,32),(126,'Ut suscipit consectetur est.',174,35),(127,'Saepe exercitationem modi esse deserunt.',7,16),(128,'Quod commodi id nihil dignissimos.',51,37),(129,'Dolor dolores ut voluptate quas quasi autem.',10,46),(130,'Aut voluptatum hic nulla.',108,25),(131,'Ab sed veritatis ut quod.',135,10),(132,'Vel non tenetur sunt sunt ut.',139,22),(133,'Minus necessitatibus impedit ipsum ut officia.',170,36),(134,'Nam dolores aut qui asperiores consequatur at et.',96,40),(135,'Omnis sed et animi ut omnis.',126,17),(136,'Voluptas distinctio excepturi error.',72,40),(137,'Qui iure quia qui in veniam consequatur libero.',141,1),(138,'Voluptas est ut qui nulla.',120,19),(139,'Inventore ex reiciendis possimus delectus.',32,25),(140,'Officiis incidunt nihil qui voluptatem tempore maiores.',115,16),(141,'Pariatur velit nihil velit.',72,3),(142,'Est tenetur iste hic dolores quis.',122,10),(143,'Esse tempora doloribus deleniti est.',190,32),(144,'Est aperiam quibusdam pariatur deserunt aspernatur facilis molestiae est.',135,16),(145,'Et quos sint velit deleniti expedita quia.',98,22),(146,'Dolorem consectetur deserunt voluptas itaque consequatur itaque eligendi.',154,42),(147,'Tenetur facere facilis deserunt enim neque quasi.',179,9),(148,'Consequuntur explicabo reiciendis aliquam ab sunt nostrum dolor.',119,43),(149,'Laboriosam iure sed placeat officiis veritatis veniam.',73,11),(150,'Inventore aut ut minus quae ut consequatur.',41,17),(151,'Nihil ut atque non molestiae ipsum voluptatem.',127,10),(152,'Rerum amet quisquam quibusdam quasi.',36,39),(153,'Nulla deserunt vero itaque expedita.',42,21),(154,'In aut tempora fugit dicta dolorum.',81,37),(155,'Tempore voluptatem dolorem sapiente omnis dolor voluptate eum.',173,17),(156,'Consequatur laborum quod quae.',186,40),(157,'Rerum accusantium cupiditate rerum tempore alias est dignissimos.',59,48),(158,'Nihil impedit earum et labore illo voluptas nam.',139,27),(159,'Sit beatae est animi distinctio deleniti architecto soluta.',98,14),(160,'Ratione ea aut ut dicta ipsa assumenda est.',105,13),(161,'Ut illum debitis culpa dolore soluta soluta.',61,4),(162,'Voluptates et ex libero dolorum eos omnis aut.',106,14),(163,'A molestiae accusamus consectetur temporibus qui accusamus illum sequi.',191,7),(164,'Quia quidem et et perspiciatis ratione.',33,3),(165,'Ut soluta consequuntur temporibus consequatur voluptatum ipsa.',119,7),(166,'Sit inventore debitis dolorum beatae inventore fugiat et necessitatibus.',163,23),(167,'Sapiente illo beatae ex voluptate.',166,40),(168,'Quasi qui ipsam possimus natus.',165,32),(169,'Et iste dolor et et.',24,17),(170,'Ut ipsam fugit iusto sit architecto.',157,47),(171,'Aspernatur quaerat enim voluptatem officia neque quo sit.',56,24),(172,'Necessitatibus et fuga iure deserunt.',43,5),(173,'Quae nulla qui et.',64,32),(174,'Nihil ex eum odio placeat.',89,41),(175,'Est rerum maxime doloribus aliquam fuga sit distinctio.',68,20),(176,'Debitis recusandae sint suscipit aut doloribus.',122,42),(177,'Quia nesciunt praesentium illo aut reiciendis.',151,45),(178,'Ratione voluptatum et quos nobis.',108,46),(179,'In accusamus quidem ut cum ratione a.',89,41),(180,'Aut quibusdam officia earum sed.',189,20),(181,'Voluptatem laudantium eos perferendis aut consequatur.',115,17),(182,'Numquam sunt eum aspernatur qui voluptatum praesentium alias.',4,13),(183,'Harum voluptatibus enim consectetur aperiam.',172,18),(184,'Ut pariatur dolorem optio.',71,39),(185,'Alias qui modi voluptatum velit cumque.',136,19),(186,'Nemo modi sit sit dolores hic quam.',105,13),(187,'Repellendus nemo culpa illo voluptatem labore ut porro.',44,33),(188,'Quod omnis rerum sint quasi.',136,12),(189,'Mollitia aut aut quidem quo qui libero debitis.',145,10),(190,'Est qui est ad et est ipsa qui.',44,9),(191,'Cumque nisi sed et sapiente eos ut.',122,44),(192,'Eius repudiandae necessitatibus eius cumque.',157,17),(193,'Est voluptatibus sit dolores quos quibusdam dolor deserunt reprehenderit.',195,23),(194,'Provident voluptatibus consequuntur aut.',177,26),(195,'Dolorum vel nostrum qui officiis autem corrupti saepe dolor.',1,28),(196,'Sit quod laboriosam voluptatum quisquam et est.',23,17),(197,'In voluptates nulla nemo.',128,19),(198,'Sit autem nobis corporis ad animi.',123,47),(199,'Officia ad rerum earum et cumque perspiciatis.',5,33),(200,'Quo est ipsum laboriosam ad perferendis soluta quia.',103,16);

INSERT INTO `Reponse` VALUES (1,190,'Ut aut facere dolor.',133),(2,114,'Esse sint optio esse voluptates.',165),(3,38,'Sit aut quia qui sed fugiat eum.',127),(4,107,'Et ratione sed corrupti iure porro excepturi magni.',30),(5,66,'Ex corrupti laborum harum excepturi quam corporis veritatis quo.',108),(6,195,'Numquam accusantium omnis eaque omnis alias.',77),(7,192,'Sapiente et voluptatibus molestiae dolore laudantium dolorem eum.',152),(8,19,'Quis dolorem molestias vel hic et et amet expedita.',136),(9,46,'Ea dolor vitae mollitia totam officiis eveniet.',118),(10,117,'Amet perferendis perferendis et autem.',40),(11,89,'Autem quae repudiandae ut repellendus cumque.',15),(12,54,'Quaerat omnis aut omnis.',153),(13,72,'Et sunt tempora cumque numquam ducimus commodi.',10),(14,31,'Blanditiis quia enim maiores.',82),(15,82,'Voluptates sit sint consequatur.',49),(16,96,'Amet sed quidem doloremque molestiae incidunt voluptas.',105),(17,38,'Culpa temporibus quo adipisci sapiente.',190),(18,98,'Quia qui nisi qui doloribus quisquam a.',61),(19,104,'Inventore et laboriosam quam.',94),(20,88,'Dolore ut fugiat laboriosam illo facere repudiandae qui.',121),(21,186,'Harum reiciendis cupiditate aut perspiciatis.',186),(22,29,'Reprehenderit architecto itaque beatae error qui.',56),(23,35,'Laudantium veniam dicta dolorem distinctio aut.',90),(24,163,'Sit ut sunt aliquam at illo corporis eum voluptatem.',184),(25,44,'Error minima et et aliquam ut repellendus amet est.',79),(26,193,'Quis eaque sequi molestiae magnam.',144),(27,77,'Animi eaque dolores deserunt assumenda maxime dolores aut.',118),(28,94,'Voluptate et ut in dolor ex sint aspernatur illo.',86),(29,96,'Aut eum voluptate facilis molestiae.',38),(30,53,'Voluptates rerum sunt ut quis suscipit ratione laborum.',175),(31,181,'Aliquid voluptatem id vitae illo quia.',6),(32,117,'Ipsam nesciunt exercitationem vel ratione aut id.',79),(33,46,'Dignissimos aut dolores fugit omnis consequatur aperiam id asperiores.',103),(34,182,'Recusandae aut fuga mollitia excepturi eius aut numquam sint.',122),(35,107,'Esse aut et minima a.',185),(36,30,'Voluptatum itaque eos error aperiam voluptas quasi.',52),(37,71,'Debitis enim aut assumenda enim aut.',15),(38,197,'In autem non quae deserunt doloribus.',109),(39,52,'Facere reiciendis iste et nisi nesciunt.',16),(40,17,'Deserunt aliquam voluptatem nemo autem dignissimos possimus quo perspiciatis.',172),(41,33,'Tempore ea amet delectus dolore repellendus magnam velit sunt.',155),(42,103,'Et ipsa neque exercitationem est omnis.',56),(43,97,'Aut ut mollitia cupiditate facere dolorum.',32),(44,90,'Eos deserunt consequatur nihil sint sapiente est beatae.',102),(45,115,'Iure voluptas nisi corrupti aut laborum ab sed.',49),(46,191,'Reiciendis ad modi nulla harum error.',159),(47,110,'Tempore saepe porro asperiores placeat.',62),(48,19,'Est est dolorem labore pariatur deleniti repellendus.',133),(49,113,'Blanditiis perferendis ut totam quis id suscipit natus repellendus.',98),(50,21,'Officiis similique quis vel itaque corporis in perferendis blanditiis.',126),(51,15,'Illo quis ullam quia enim animi odit rerum.',101),(52,182,'Impedit ut in et tempora temporibus.',148),(53,56,'Explicabo reprehenderit voluptatibus quia quo.',106),(54,3,'Porro distinctio quam repudiandae incidunt.',74),(55,19,'Rerum et eos distinctio et qui culpa aut.',165),(56,112,'Quae earum tenetur laborum omnis eligendi.',159),(57,188,'Perspiciatis modi est ea magni.',148),(58,91,'Suscipit aspernatur harum et mollitia.',13),(59,32,'Sit inventore quas quae aspernatur omnis.',140),(60,106,'Sit omnis sunt ex quos commodi est totam.',153),(61,188,'Rerum optio quo ex quis.',173),(62,171,'Atque molestias quis consequatur temporibus voluptatem a.',172),(63,35,'In rerum aliquid doloremque magni corrupti et illum.',87),(64,73,'Perferendis et exercitationem delectus nobis necessitatibus inventore.',121),(65,95,'Dolorem expedita numquam inventore deleniti officia enim.',12),(66,7,'Dicta illo sit ut quia.',78),(67,17,'Nobis eaque et sit modi.',111),(68,121,'Unde maiores maiores provident dolore.',197),(69,74,'Ut fuga provident voluptatibus nesciunt quam.',116),(70,89,'Nulla consequatur consectetur voluptate error cumque veniam.',78),(71,200,'Velit non officia sit sed explicabo rerum voluptatem.',194),(72,3,'Odio adipisci praesentium illo voluptate vel et.',153),(73,12,'Hic ea dolores tempora hic vero odit modi.',67),(74,157,'Incidunt non non illo rem quod.',74),(75,118,'Corrupti impedit voluptas harum excepturi sit nihil.',67),(76,46,'Magni blanditiis vel est cumque ut deleniti ad.',185),(77,46,'Atque quibusdam pariatur quibusdam suscipit quam.',133),(78,198,'Et voluptas et aut et expedita dicta.',9),(79,2,'Et fugiat necessitatibus a distinctio ex eaque id.',19),(80,87,'Dolorem sit enim velit provident qui odio.',115),(81,19,'Suscipit reiciendis cupiditate hic quo sit corrupti qui.',26),(82,164,'Deleniti cupiditate aut quia voluptates soluta.',14),(83,100,'Alias deleniti sit aut cum et.',78),(84,99,'Rerum laborum dolorum dolorum omnis earum.',92),(85,96,'Ea reprehenderit libero nostrum praesentium.',198),(86,190,'Ut velit atque eveniet.',157),(87,170,'Ducimus iusto et fugit veritatis.',152),(88,101,'Suscipit voluptas corporis nisi impedit ut.',106),(89,139,'Possimus necessitatibus exercitationem illo quaerat officiis exercitationem.',136),(90,115,'Nisi corrupti aut tempore sunt rerum.',68),(91,112,'Et quae ullam eaque aut.',40),(92,18,'Autem ut placeat quae similique.',11),(93,85,'Cum ad sit ipsa et dolore.',16),(94,123,'Et aspernatur beatae et maiores assumenda voluptates.',189),(95,33,'Ad sequi provident quia praesentium est.',177),(96,72,'Corrupti beatae dolore mollitia et exercitationem.',100),(97,170,'Eveniet et veniam voluptas in expedita.',178),(98,3,'Nulla atque error quod explicabo saepe aut.',83),(99,149,'Iusto cum ipsa voluptatem beatae qui rerum deserunt.',142),(100,137,'Fugit eius ea laboriosam et.',55),(101,13,'Omnis sapiente molestiae dolor qui debitis.',187),(102,98,'Dicta sapiente aliquam omnis ducimus amet inventore.',39),(103,194,'Fuga necessitatibus rem quibusdam facere consectetur sint.',184),(104,89,'Perspiciatis fugiat nemo voluptatem quia provident accusamus ut.',159),(105,25,'Et commodi debitis tenetur et.',179),(106,180,'Est ratione vitae ullam similique.',93),(107,151,'Illum at voluptate commodi nobis dolorem itaque.',109),(108,59,'Soluta corrupti minus velit odio.',185),(109,106,'Numquam enim nulla nesciunt iste consequuntur sequi dolor.',126),(110,76,'Adipisci numquam aut reiciendis quia.',52),(111,43,'Deserunt perspiciatis nobis quo quia sunt ut.',178),(112,11,'At provident odit aut atque aut.',81),(113,60,'Consectetur dolores iste culpa sequi et est quis.',173),(114,69,'Quia non ut suscipit in.',99),(115,180,'Reiciendis laborum hic nisi ea.',25),(116,62,'Qui sunt ut et.',24),(117,96,'Deleniti qui dolorum magnam qui nemo exercitationem modi.',26),(118,128,'Omnis aut ut vel dicta blanditiis impedit.',188),(119,66,'In sit quia esse est voluptates quia.',136),(120,140,'Quaerat quia quas asperiores corrupti voluptatum et magnam quis.',126),(121,162,'Amet deleniti repudiandae eligendi.',123),(122,196,'Sint qui eum eos sint corrupti sit doloribus.',44),(123,15,'Ut nihil quibusdam odit tenetur iusto officia est.',80),(124,163,'Expedita aspernatur id ut ad nihil aperiam.',116),(125,151,'Qui minima et necessitatibus aut aspernatur.',176),(126,1,'Eveniet voluptatem sapiente vel itaque rerum sed laborum.',79),(127,88,'Ad est officia qui quae dolorem est nihil.',199),(128,141,'Rem ut ipsam molestiae molestias quibusdam dolorem aut vel.',20),(129,63,'Voluptatibus maxime reiciendis et facere illo.',116),(130,98,'Voluptates at incidunt error suscipit laborum dicta delectus quia.',3),(131,104,'Blanditiis minima et soluta autem tenetur voluptatem qui.',180),(132,49,'Ipsum ut est et facilis nobis soluta.',59),(133,187,'Esse autem necessitatibus incidunt ut.',185),(134,7,'Voluptates voluptas in laudantium sit.',16),(135,87,'Ducimus sit suscipit ut nostrum aut.',172),(136,116,'Beatae fuga sequi aperiam aperiam dolorem quam.',130),(137,34,'Vel quidem sed quos id.',102),(138,36,'Dolor cupiditate aspernatur reprehenderit vel earum eum et.',105),(139,73,'At et ipsum sint eaque.',37),(140,115,'Est nihil error sed assumenda in excepturi labore.',191),(141,189,'Temporibus velit non commodi non officiis et corporis.',22),(142,94,'Veniam exercitationem voluptatem eum maxime quas.',115),(143,1,'A cum ut atque saepe.',60),(144,178,'Quia non placeat laborum.',13),(145,176,'Distinctio et perspiciatis consequatur aut sunt.',33),(146,149,'Et ut eius nemo.',149),(147,54,'Quia possimus nihil velit.',35),(148,129,'Dolor molestiae unde commodi est tempora qui.',120),(149,145,'Magnam sit provident nisi libero quaerat.',90),(150,36,'Consequatur rerum nemo eum expedita aspernatur maiores ut.',113),(151,59,'Molestiae dolore qui dolor temporibus quia recusandae.',151),(152,180,'Quia laboriosam similique quisquam culpa dolor ut doloribus.',23),(153,158,'Fugiat magnam voluptate aut aliquam iure.',20),(154,185,'Excepturi aut reiciendis molestias sed nihil aliquid.',50),(155,55,'Molestiae fugit ab voluptas nisi iste veritatis.',3),(156,64,'Est recusandae eaque doloremque delectus officia quasi.',51),(157,9,'Aspernatur repellendus placeat enim voluptate.',16),(158,182,'Aliquid libero vel provident reiciendis architecto sequi quasi natus.',144),(159,115,'Molestiae optio qui reiciendis atque.',166),(160,140,'Expedita non ratione cupiditate autem.',165),(161,126,'Voluptas laudantium est culpa.',104),(162,167,'Sit alias est veritatis.',113),(163,60,'Nihil nesciunt eaque repudiandae et.',60),(164,106,'Laborum et ut voluptatem laboriosam molestias aut.',63),(165,14,'Sed voluptas aliquid iusto non sed quis repudiandae.',166),(166,196,'Cupiditate facere minus molestiae sed voluptas et.',138),(167,94,'Omnis quia adipisci voluptatem iusto.',49),(168,44,'Ut expedita maxime quia voluptate sit.',191),(169,121,'Quia commodi et quisquam tempora.',188),(170,35,'Quis et eaque quia aut magnam natus neque soluta.',19),(171,24,'Asperiores beatae asperiores error consectetur odio.',87),(172,180,'Recusandae non soluta doloremque expedita quas aut beatae.',53),(173,143,'Nihil voluptate officiis et velit aut id.',28),(174,83,'Accusamus eligendi voluptatem accusantium repellendus aliquam cupiditate nobis.',26),(175,124,'Quia et provident aut debitis dolores.',33),(176,159,'Neque a et vero et magnam fugit dolorum.',130),(177,30,'Quia tenetur ut error voluptas voluptatum.',123),(178,96,'Eos et provident at veritatis autem libero iusto aut.',32),(179,173,'Eligendi sint hic voluptatem sunt.',13),(180,129,'Qui sunt unde et quidem dignissimos.',185),(181,121,'Qui rem omnis ut eos veritatis vitae.',191),(182,132,'Voluptate ea quasi debitis accusantium delectus labore enim.',65),(183,107,'Enim ratione voluptate possimus autem provident impedit.',39),(184,181,'Nihil consectetur assumenda aperiam sint eveniet porro rem.',91),(185,86,'Voluptatum soluta sed quisquam consequatur.',92),(186,7,'Itaque est quisquam architecto ex modi.',148),(187,85,'Est quia odit saepe dolore voluptas a repellat delectus.',91),(188,38,'Maxime illo maiores vitae quo et et.',62),(189,23,'Eligendi molestiae qui quia eaque.',76),(190,194,'Eum temporibus ea eos quam enim aut eos.',60),(191,21,'Quia harum magni et nam sequi esse cupiditate.',12),(192,126,'Explicabo asperiores deserunt molestias autem.',143),(193,185,'Hic cum asperiores eos enim laudantium sunt quas.',68),(194,11,'Delectus molestiae molestias omnis voluptas ut.',134),(195,19,'Quis ullam hic velit.',33),(196,43,'Ipsa quis autem facere reiciendis non itaque voluptatum.',89),(197,183,'Mollitia suscipit voluptatem ipsa fugiat nostrum distinctio qui.',159),(198,119,'Quis a expedita nisi totam.',104),(199,89,'Fugiat nihil tempora ut dolores.',141),(200,35,'Sit ad illo et esse minus.',4),(201,130,'Ea aliquid labore ut doloribus.',86),(202,129,'Eveniet pariatur omnis quidem cupiditate rem ut.',170),(203,120,'Consequatur delectus odio soluta quia distinctio eos qui non.',149),(204,20,'Ut qui at libero explicabo.',12),(205,59,'Eligendi eligendi quaerat molestias cumque atque corporis dolore.',86),(206,111,'Quod aut mollitia voluptatem atque quas saepe qui.',28),(207,2,'Expedita officia sequi culpa sed eos et et.',51),(208,150,'Dignissimos ea aut debitis quia officia consequatur sed.',135),(209,138,'Ad hic libero doloribus alias ducimus.',147),(210,37,'Et quis aut rerum ex.',178),(211,13,'Odio est minus tempora vel.',53),(212,104,'Accusamus blanditiis quasi optio fuga adipisci.',139),(213,46,'Possimus nisi aut reprehenderit excepturi.',138),(214,179,'Quo voluptatum distinctio cum tenetur rem eaque impedit.',115),(215,95,'Alias fuga commodi cupiditate ex.',118),(216,9,'Et quisquam voluptate necessitatibus modi eos voluptate id.',105),(217,122,'Et consequuntur numquam ea et sed deserunt fugiat.',162),(218,188,'Repellat animi voluptas vel inventore modi.',78),(219,102,'Ut et nostrum quo architecto dolores.',138),(220,74,'Dolor dolor ut sit dicta.',184),(221,24,'Dolorum sunt non inventore explicabo veniam.',145),(222,75,'Quo in sunt eos veniam.',70),(223,19,'Eum libero sit architecto accusamus dolorem ipsum est.',71),(224,73,'Excepturi saepe quia facilis qui itaque soluta quis.',88),(225,197,'Nobis laboriosam corporis quia molestiae odio perspiciatis dolor.',75),(226,183,'Atque nam quae sint officia blanditiis expedita.',167),(227,7,'Quasi repudiandae magni ut voluptatibus rerum.',139),(228,162,'Odio necessitatibus expedita rerum ducimus aut voluptatum voluptatem.',62),(229,13,'Qui ut hic quia quibusdam quidem a aut.',54),(230,126,'Consectetur accusamus veritatis eos quaerat.',53),(231,136,'Doloribus consectetur dicta magnam est.',34),(232,138,'Vel ex in eveniet.',103),(233,79,'Possimus est eum dolorum exercitationem et ut.',178),(234,46,'Omnis repudiandae quia hic optio dolore itaque.',149),(235,18,'Non non sit et sed cupiditate explicabo.',81),(236,46,'Nostrum culpa asperiores voluptatem exercitationem non.',179),(237,17,'Voluptas voluptatem in sit et molestias esse qui.',92),(238,9,'Eaque animi sunt atque quos voluptas blanditiis reiciendis ut.',19),(239,20,'Nihil explicabo non nam qui veniam totam ut quia.',71),(240,3,'Ut consequatur ipsum voluptas.',76),(241,144,'Alias non rerum mollitia similique.',33),(242,121,'Et possimus quaerat natus sit.',20),(243,115,'Amet doloribus consectetur quis deserunt sunt nesciunt numquam.',78),(244,130,'Perferendis iusto occaecati repellat qui nihil a magni.',128),(245,67,'Sed distinctio iste aspernatur enim tempora nemo.',58),(246,181,'Nemo voluptas et deleniti dolores.',165),(247,127,'Itaque quo sit eius consequatur odio facere.',91),(248,131,'Sed nisi et enim qui.',83),(249,98,'Commodi commodi et consectetur doloremque rerum et tempore.',130),(250,162,'Aut quos quis nihil fugiat incidunt.',183),(251,59,'Sapiente sed dolore soluta laborum sequi et.',37),(252,160,'Consectetur deleniti blanditiis doloribus ut.',46),(253,18,'Sint quibusdam neque et vel nemo perspiciatis quo pariatur.',94),(254,82,'Excepturi provident voluptate placeat doloremque vero tempora ab.',91),(255,131,'Est et ducimus maxime sunt.',162),(256,97,'Praesentium tempora minima molestias voluptas maxime odio odit.',193),(257,13,'Aut tempora nihil soluta molestiae.',101),(258,147,'A at qui quia sed nostrum.',105),(259,184,'Aliquid rem numquam expedita dolore.',28),(260,104,'Ad repellat qui quidem pariatur.',69),(261,172,'Eum ut eveniet impedit repellendus unde et.',49),(262,38,'Perspiciatis accusantium aut omnis voluptates temporibus explicabo.',157),(263,148,'Voluptate accusantium et architecto nesciunt delectus.',155),(264,112,'In voluptates est nesciunt delectus libero dolores ratione aspernatur.',130),(265,172,'Magnam et qui nihil pariatur perspiciatis at cupiditate.',39),(266,60,'Facilis reiciendis soluta pariatur.',82),(267,14,'Alias beatae dolores repellat error.',87),(268,161,'Commodi tenetur voluptates vel ducimus voluptate.',155),(269,32,'Amet quas ut qui repudiandae earum corporis.',154),(270,91,'Consectetur qui accusantium nulla pariatur veniam sed.',23),(271,189,'Delectus sit enim maxime esse est enim voluptatibus.',181),(272,48,'Voluptas voluptas et eveniet doloremque eligendi necessitatibus aut.',190),(273,27,'Aut totam dolore voluptates corporis.',105),(274,37,'Quasi culpa nam possimus quaerat est laudantium repudiandae.',72),(275,14,'Maxime eveniet deserunt natus sapiente voluptatem harum.',38),(276,50,'Quo doloribus pariatur aut vero non ipsa ut.',62),(277,193,'Et molestias exercitationem beatae nisi qui.',155),(278,67,'Quibusdam maiores ipsa voluptatem magni voluptas.',41),(279,87,'Consectetur in sapiente est quaerat molestias.',8),(280,150,'Quo ea corporis qui eveniet.',110),(281,15,'Unde dolores quia quia non aspernatur sunt.',84),(282,76,'Quo qui voluptatem occaecati ea earum aut et enim.',133),(283,104,'Rerum quo est dolor excepturi libero a magnam.',133),(284,43,'Ratione qui sed corrupti odit.',175),(285,8,'Et voluptas non quisquam aut suscipit illum hic rerum.',110),(286,127,'Ab laboriosam reprehenderit aut excepturi est.',82),(287,129,'Qui fuga sit unde qui.',118),(288,69,'Ea impedit quaerat maxime dolorem accusantium.',102),(289,78,'Quis aut delectus dicta voluptatem quasi nam et sint.',185),(290,185,'Impedit velit beatae qui aut a corrupti sed magnam.',94),(291,19,'Necessitatibus error nobis nihil maiores commodi ut.',142),(292,74,'Nemo possimus veniam quidem amet.',7),(293,153,'Et dolores numquam molestiae a ullam non labore.',49),(294,62,'Repellat in velit quibusdam rerum quis minus reprehenderit.',38),(295,26,'Quod aliquam et dolore sit nihil ut dolores.',54),(296,76,'Dolores qui repellat et itaque velit quas eius.',13),(297,147,'Omnis voluptatem labore beatae ipsam minus et.',174),(298,196,'Debitis alias accusamus dolorem et sapiente dolor expedita.',18),(299,148,'Sed modi culpa aut eos aspernatur.',155),(300,82,'Ut sapiente recusandae non perspiciatis aut labore.',163);

INSERT INTO `Favoris` VALUES (2204,1,39),(2277,1,45),(2191,2,2),(30,2,28),(2335,2,33),(2033,2,34),(2414,3,15),(2271,3,17),(2499,3,21),(2376,3,35),(2213,3,39),(1816,3,45),(36,4,7),(2139,4,24),(1833,4,41),(32,4,46),(67,5,7),(2031,5,22),(2171,5,28),(1899,5,30),(1952,5,35),(2371,5,36),(2483,6,23),(1814,6,28),(2083,7,12),(1830,7,20),(2219,7,37),(14,7,41),(1985,7,44),(2422,7,45),(2527,8,2),(2524,8,14),(1956,8,18),(45,8,32),(2152,9,27),(2067,9,38),(1822,9,39),(2149,10,11),(2523,10,30),(2454,10,35),(2145,10,47),(2513,11,33),(2529,11,34),(2328,12,14),(2356,12,18),(7,12,20),(2459,12,28),(2229,13,26),(24,13,35),(2337,14,17),(2011,14,41),(2342,14,43),(2012,15,8),(1804,15,14),(2486,15,28),(2041,16,11),(2488,16,18),(2153,16,23),(78,16,24),(2346,17,1),(1923,17,17),(1942,17,26),(2573,17,37),(2086,17,39),(1984,17,43),(1860,18,7),(1934,18,22),(2085,18,23),(1900,18,32),(2562,18,38),(2549,19,1),(2073,19,4),(2559,19,28),(1855,19,35),(1879,19,48),(2530,20,4),(2001,20,14),(2058,20,19),(22,20,40),(2035,20,43),(2319,20,48),(2002,21,9),(2225,21,13),(2104,21,37),(2580,23,37),(1962,23,40),(2135,24,2),(2203,24,4),(18,25,9),(2593,25,16),(2173,25,20),(2151,25,42),(2471,25,46),(2216,25,47),(2259,26,4),(68,26,27),(2072,26,33),(1867,26,45),(2538,27,8),(2596,27,35),(43,27,44),(2169,28,4),(1992,28,15),(2116,28,19),(2600,28,33),(2062,28,36),(2404,29,7),(41,29,16),(1938,29,31),(2082,29,32),(2338,29,40),(2545,29,44),(2,30,1),(1851,30,18),(2452,30,23),(2016,30,28),(2572,30,33),(2056,31,12),(5,31,23),(2547,31,25),(2276,32,2),(89,32,3),(2570,32,8),(59,32,24),(2466,32,30),(2468,32,33),(2480,32,46),(1943,33,35),(39,34,17),(1836,34,18),(1875,34,19),(2124,34,28),(38,34,46),(1953,35,30),(1972,35,42),(2162,36,1),(2387,36,4),(1975,36,16),(2125,36,37),(2418,36,40),(2183,36,42),(2370,37,4),(2238,38,12),(2138,38,18),(2398,38,24),(2304,38,25),(1911,39,2),(1908,39,34),(1993,39,35),(2460,40,3),(2235,40,5),(1826,40,11),(2332,40,15),(82,40,18),(69,41,7),(2348,41,23),(2077,41,29),(2368,42,27),(2170,42,29),(2040,43,5),(54,43,43),(2582,44,6),(2560,44,16),(2274,44,26),(2234,44,28),(2113,45,10),(1857,45,11),(2417,45,23),(2515,45,40),(1932,45,47),(1818,46,16),(49,46,32),(2178,46,33),(2013,46,34),(2336,47,3),(2444,47,7),(2228,47,17),(12,47,18),(2484,47,19),(20,47,21),(25,47,28),(2331,48,38),(2594,48,41),(1866,49,42),(2141,50,14),(2533,50,18),(60,50,26),(2068,50,32),(2270,50,47),(53,51,22),(2282,51,27),(2237,51,30),(2402,51,38),(2010,52,35),(2128,52,41),(2047,52,43),(1820,52,48),(63,53,1),(2576,53,16),(2280,53,18),(2084,53,20),(2581,53,27),(2578,53,48),(1902,54,5),(1829,54,9),(52,54,13),(2182,54,17),(1843,54,29),(2102,54,36),(74,54,38),(1852,54,39),(2284,55,27),(1850,55,37),(2176,56,8),(1806,56,27),(2383,56,31),(2120,56,33),(2591,56,34),(31,56,44),(99,57,27),(2273,57,44),(2401,58,30),(1997,58,36),(9,59,5),(2069,59,16),(2302,59,20),(1912,59,25),(2025,59,36),(2157,60,9),(1950,60,23),(2094,60,43),(2279,60,44),(1,60,45),(86,61,8),(1886,61,15),(2326,61,21),(1825,61,27),(2221,61,34),(2463,61,38),(2134,61,42),(2253,62,25),(2190,62,35),(1835,62,40),(1998,63,1),(2500,63,15),(2161,63,26),(1859,64,34),(1945,64,39),(2340,65,37),(2129,65,42),(56,65,44),(2522,65,45),(73,66,5),(1893,66,10),(1959,66,18),(2575,66,21),(2114,66,27),(2240,66,29),(2150,66,33),(37,66,34),(1971,66,42),(71,66,43),(2003,67,7),(2292,67,11),(2117,67,13),(2501,67,15),(2313,67,31),(2521,67,34),(2078,68,23),(1957,68,24),(1931,68,38),(2005,69,16),(1854,69,37),(2367,69,40),(2400,70,4),(2445,70,5),(2405,70,14),(2006,70,20),(2089,70,22),(1813,70,28),(1961,70,33),(2142,70,37),(2080,71,28),(1865,71,32),(1838,71,34),(1951,72,3),(2027,72,27),(1811,73,17),(2320,73,27),(2341,73,36),(1965,73,45),(2185,73,48),(2136,74,1),(2330,74,10),(1848,74,18),(2321,74,20),(1910,74,24),(1812,74,46),(2071,74,47),(2103,75,8),(1849,75,12),(2095,75,15),(2023,75,31),(2438,75,39),(2261,75,40),(2378,76,3),(76,76,4),(28,76,13),(1831,76,15),(2092,76,28),(2301,76,33),(2257,76,40),(2110,77,8),(2354,77,18),(2209,77,21),(50,77,25),(2428,77,46),(2315,78,1),(2510,78,22),(2119,78,23),(2195,78,30),(2465,78,35),(2308,79,10),(70,79,13),(2550,79,21),(2411,79,23),(2192,80,4),(2425,80,12),(1856,80,17),(2361,80,19),(1927,80,22),(1970,80,26),(2049,80,29),(2187,81,16),(2350,81,34),(2220,81,38),(2583,81,46),(2163,82,27),(2380,82,31),(23,82,34),(2137,82,46),(2263,82,48),(2407,83,15),(1894,83,18),(100,83,39),(2044,83,41),(2364,83,42),(2363,84,29),(1864,84,32),(57,84,33),(2164,84,37),(2347,85,4),(2548,85,24),(2467,85,29),(1809,85,30),(2166,86,10),(2345,86,16),(2108,86,18),(1988,86,41),(2252,86,47),(2230,87,1),(2539,87,3),(1980,87,14),(1803,87,24),(2469,87,30),(2390,87,34),(35,87,42),(1947,88,6),(2556,88,7),(2254,88,29),(1939,89,8),(2419,89,21),(1926,89,27),(1928,89,28),(2096,89,29),(1888,89,44),(2248,90,31),(2028,91,6),(2355,91,32),(48,91,38),(2473,91,41),(2443,92,1),(2349,92,9),(1914,92,12),(34,92,38),(2464,92,42),(2503,93,12),(2590,93,25),(2381,93,32),(2143,93,41),(1898,94,3),(2064,94,4),(2369,94,11),(2026,95,13),(1987,95,25),(1884,95,46),(2246,95,47),(2146,96,8),(2385,96,26),(1979,96,27),(92,96,28),(2403,96,37),(2300,97,4),(2432,97,13),(2258,98,41),(1920,98,44),(2239,98,46),(2542,98,47),(1974,99,3),(1963,99,9),(2286,99,27),(2147,99,40),(2099,100,6),(2437,100,19),(2054,100,24),(2461,100,25),(95,100,36),(2421,100,38),(2490,101,20),(1986,101,22),(1832,101,30),(1846,101,31),(2174,101,39),(2366,101,42),(2344,102,3),(2388,102,7),(26,102,10),(2551,102,14),(2485,102,23),(2266,102,44),(2206,103,39),(2450,104,1),(10,104,4),(1802,104,5),(2394,104,30),(2020,104,34),(2508,104,44),(1955,104,47),(93,105,2),(1823,105,6),(2244,105,28),(87,105,44),(2528,106,5),(17,106,24),(2154,106,25),(2413,106,32),(2541,106,34),(2430,106,41),(2207,107,11),(2397,107,18),(1862,107,23),(2472,108,18),(2115,108,19),(88,108,24),(1941,108,28),(2236,109,3),(85,109,7),(2059,109,25),(2299,110,4),(2518,110,5),(2540,110,27),(2565,111,12),(2451,111,13),(2314,111,30),(2294,112,8),(1869,112,19),(2278,112,23),(1989,112,24),(2359,112,29),(2327,112,32),(2496,113,35),(2534,114,10),(2386,114,32),(2118,114,40),(1881,115,28),(1964,115,40),(2447,115,43),(2201,116,16),(21,116,24),(1946,117,1),(2517,117,12),(2392,117,16),(1944,117,20),(1834,117,31),(15,118,5),(1844,118,13),(2106,118,15),(1976,118,20),(2408,118,26),(2158,118,27),(2101,118,46),(2526,118,47),(19,119,16),(1936,119,21),(2543,119,41),(2377,120,19),(2079,120,25),(2352,120,27),(2255,120,32),(2535,120,41),(2168,120,43),(2493,121,3),(1990,121,30),(2019,122,23),(1916,122,33),(1933,123,3),(2568,123,4),(2217,123,22),(2426,123,31),(2563,123,41),(2232,124,9),(1821,124,37),(2285,125,5),(1839,125,27),(2393,126,19),(2375,126,25),(2181,126,28),(2552,126,39),(2133,126,45),(1870,126,47),(2339,127,1),(2148,127,2),(1907,127,38),(2281,128,13),(1929,128,23),(2160,128,30),(2399,128,46),(13,129,13),(2318,129,23),(2303,129,27),(2057,130,4),(1861,131,7),(1889,131,9),(2599,131,13),(1983,131,27),(2268,131,29),(2224,131,39),(2175,132,3),(8,132,13),(2243,132,21),(72,132,24),(2269,132,35),(2298,132,42),(2494,133,4),(2022,133,9),(2324,133,12),(2567,133,13),(84,133,22),(1863,133,37),(2351,133,44),(1904,134,2),(2511,134,8),(1895,134,10),(1995,134,39),(2088,134,48),(2470,135,16),(2458,135,18),(2172,135,32),(98,136,1),(2587,137,6),(2055,137,13),(2007,137,17),(2194,137,28),(2126,137,36),(2384,137,38),(2053,137,45),(80,137,47),(2416,138,13),(2592,138,28),(1880,138,42),(1871,138,46),(1827,139,10),(40,139,21),(2506,139,28),(2075,139,32),(2358,139,40),(2504,140,8),(2267,140,10),(2214,140,23),(2574,140,30),(2241,140,35),(2395,140,45),(1824,141,3),(2597,141,41),(1872,141,47),(2293,142,10),(1981,142,18),(2051,142,25),(2156,142,35),(90,143,20),(51,143,23),(2453,144,18),(2247,144,41),(97,145,1),(1840,145,29),(2091,145,30),(1919,145,39),(1937,146,44),(2065,146,47),(2516,147,12),(1921,147,19),(1883,147,31),(2264,147,33),(2039,147,45),(2439,148,21),(2441,148,34),(1996,148,44),(2186,149,10),(2474,149,15),(2218,149,17),(2373,149,26),(2333,149,33),(29,149,39),(1847,149,40),(1810,149,43),(1991,149,44),(16,150,11),(2222,150,16),(1977,150,33),(2410,150,40),(2492,150,41),(2074,151,2),(2579,151,5),(2233,151,10),(1973,151,11),(2440,151,16),(2008,151,32),(2481,151,34),(2245,152,2),(2100,152,4),(2036,152,28),(1837,152,35),(2536,153,4),(2557,153,17),(2512,153,22),(2189,153,30),(1887,153,40),(1994,153,42),(1896,154,8),(2131,154,10),(2531,154,24),(1807,154,28),(2009,155,6),(2353,155,21),(2475,156,10),(2365,156,11),(1909,156,48),(2090,157,11),(2406,157,17),(1978,157,24),(2297,157,27),(2436,157,28),(65,157,32),(1858,157,38),(2018,158,7),(1841,158,14),(2409,158,19),(2584,158,36),(2423,158,38),(2123,158,44),(1801,158,45),(1906,159,6),(1877,159,10),(2111,159,28),(1966,160,4),(1954,160,36),(2042,161,12),(2272,161,14),(2070,161,33),(2038,161,46),(2087,161,47),(83,162,10),(2014,162,13),(2389,162,22),(2127,162,42),(1930,163,2),(2306,163,13),(2289,163,15),(2491,163,20),(1922,163,23),(2265,163,27),(2045,163,31),(2360,164,20),(2585,164,26),(2435,165,1),(2034,165,11),(2532,165,22),(75,166,7),(2112,166,30),(1876,166,32),(64,166,33),(2165,166,38),(2382,166,43),(1925,166,44),(77,166,48),(1805,167,12),(2362,167,14),(1891,167,15),(2283,167,20),(1935,167,29),(2121,167,31),(1913,167,47),(2105,168,7),(2081,168,21),(2478,168,25),(2097,168,35),(1924,168,37),(1948,168,45),(1915,169,6),(2429,169,16),(81,169,20),(2396,169,24),(2305,170,7),(2415,170,31),(4,170,34),(2561,171,34),(1842,171,46),(2507,172,14),(2554,172,33),(96,172,40),(2564,173,2),(2109,173,4),(62,173,12),(1901,173,26),(2122,173,33),(58,173,40),(2588,173,41),(2544,174,13),(2256,174,20),(2334,174,46),(1982,175,35),(2004,176,1),(2537,176,40),(2215,176,48),(2030,177,5),(1960,177,9),(2498,177,18),(2167,177,24),(1882,177,31),(2343,177,35),(2296,177,38),(2476,177,40),(1815,177,44),(2325,177,45),(2063,178,28),(2188,178,38),(1828,178,43),(2226,179,7),(6,179,12),(2076,179,17),(2251,179,19),(2048,179,21),(2569,179,32),(2431,180,11),(1808,180,26),(42,181,1),(94,181,2),(2107,181,8),(2231,181,14),(2193,181,24),(2456,181,44),(2482,182,15),(2197,182,19),(2316,182,35),(44,182,44),(2196,183,11),(1890,183,21),(1845,184,14),(2479,184,15),(2159,184,29),(2250,184,34),(2357,184,40),(2130,184,46),(2015,185,3),(2017,185,7),(2043,185,20),(47,185,29),(2032,185,33),(11,185,42),(1940,186,2),(1817,186,11),(2442,186,13),(2586,186,17),(2155,186,25),(33,186,26),(3,186,38),(2520,186,42),(66,186,48),(2199,187,12),(2553,187,19),(2555,187,29),(2249,187,38),(1874,187,43),(2024,188,15),(2177,188,24),(2449,188,41),(46,189,1),(1999,189,9),(2180,189,21),(2132,189,34),(2310,189,35),(2497,190,9),(2412,190,10),(2288,190,14),(1958,190,33),(1819,190,44),(2050,191,11),(1967,191,12),(1905,191,18),(61,191,29),(2379,192,23),(1885,192,44),(2061,193,2),(27,193,19),(2287,193,23),(2098,193,26),(1903,193,32),(2227,193,38),(2577,193,44),(1868,194,19),(2046,194,32),(1949,194,35),(1878,194,38),(1968,194,43),(1873,195,4),(2184,195,5),(2200,195,27),(1969,195,29),(2424,196,5),(1897,196,12),(2589,196,40),(2037,196,44),(2595,197,3),(2502,197,34),(2307,197,36),(2290,197,41),(2374,197,44),(2420,197,45),(91,198,3),(1918,198,5),(55,198,8),(79,198,23),(2212,198,35),(2060,198,42),(1853,198,45),(2179,199,5),(2434,199,8),(2029,199,22),(2571,199,26),(2322,199,29),(2205,199,40),(1917,199,42);

INSERT INTO `Note` VALUES (1,1,16,20),(2,1,129,9),(3,0,160,36),(4,1,166,12),(5,0,122,9),(6,0,113,38),(7,0,196,36),(8,0,193,30),(9,1,182,27),(10,0,79,30),(11,1,63,41),(12,1,28,5),(13,1,116,29),(14,0,116,14),(15,0,92,27),(16,0,146,18),(17,1,156,22),(18,1,22,40),(19,1,84,25),(20,1,65,26),(21,0,104,5),(22,1,16,7),(23,0,70,27),(24,1,99,26),(25,1,181,5),(26,1,130,47),(27,1,194,47),(28,0,156,4),(29,1,127,28),(30,1,112,47),(31,1,2,28),(32,1,41,47),(33,1,10,35),(34,1,40,45),(35,0,147,41),(36,0,168,31),(37,1,179,14),(38,0,192,41),(39,0,158,7),(40,1,188,14),(41,1,96,7),(42,0,60,39),(43,1,144,18),(44,1,120,28),(45,1,191,37),(46,1,174,29),(47,1,180,15),(48,0,87,3),(49,0,157,27),(50,0,31,21),(51,0,147,25),(52,0,11,21),(53,0,165,4),(54,1,33,48),(55,0,93,10),(56,0,136,28),(57,0,49,44),(58,1,71,45),(59,1,154,14),(60,1,88,11),(61,1,81,21),(62,1,75,32),(63,1,23,22),(64,1,181,40),(65,0,118,24),(66,0,122,36),(67,1,85,1),(68,0,165,15),(69,0,160,24),(70,0,60,24),(71,0,160,15),(72,0,74,14),(73,1,22,42),(74,0,169,45),(75,1,65,36),(76,0,171,15),(77,0,195,5),(78,1,186,2),(79,0,98,9),(80,1,76,9),(81,0,67,12),(82,0,77,44),(83,1,46,36),(84,0,101,36),(85,0,195,37),(86,0,195,15),(87,0,22,3),(88,1,148,8),(89,1,187,28),(90,0,75,9),(91,0,37,22),(92,1,42,20),(93,1,150,21),(94,0,39,19),(95,1,171,25),(96,0,142,4),(97,0,62,44),(98,0,81,16),(99,1,165,28),(100,1,27,3),(301,0,80,18),(302,0,82,28),(303,1,57,39),(304,1,140,1),(305,1,181,47),(306,0,52,3),(307,1,187,45),(308,1,145,30),(309,0,104,45),(310,0,97,6),(311,0,171,7),(312,0,56,34),(313,0,168,39),(314,0,161,1),(315,0,177,6),(316,0,67,25),(317,1,147,15),(318,0,65,5),(319,1,35,35),(320,0,13,19),(321,1,179,45),(322,1,156,38),(323,0,23,35),(324,0,35,25),(325,1,178,4),(326,1,18,8),(327,1,29,20),(328,0,85,48),(329,1,55,22),(330,1,134,34),(331,0,136,10),(332,0,13,14),(333,0,8,20),(334,1,167,26),(335,0,103,48),(336,0,156,17),(337,1,42,33),(338,1,145,25),(339,0,89,6),(340,1,171,37),(341,0,146,40),(342,1,189,43),(343,1,123,24),(344,0,184,29),(345,0,51,25),(346,1,76,25),(347,0,80,20),(348,0,119,9),(349,0,113,41),(350,0,165,16),(351,0,164,14),(352,1,87,11),(353,0,177,2),(354,1,51,42),(355,0,134,41),(356,0,142,34),(357,0,104,9),(358,1,55,48),(359,1,33,32),(360,1,79,1),(361,0,107,13),(362,1,7,23),(363,0,131,19),(364,1,187,13),(365,0,44,22),(366,0,27,21),(367,0,29,41),(368,1,185,30),(369,0,93,1),(370,0,195,46),(371,1,154,5),(372,1,180,6),(373,0,168,41),(374,1,128,27),(375,0,20,37),(376,0,162,46),(377,1,174,27),(378,0,122,12),(379,1,49,19),(380,0,135,44),(381,1,15,47),(382,0,124,33),(383,1,79,22),(384,1,53,41),(385,1,153,13),(386,1,169,1),(387,0,179,39),(388,1,20,26),(389,1,139,36),(390,1,182,13),(391,0,21,10),(392,1,91,35),(393,1,2,13),(394,1,86,21),(395,1,161,8),(396,0,97,20),(397,0,138,28),(398,0,92,21),(399,0,37,25),(400,0,42,12),(901,0,97,19),(902,1,59,28),(903,1,197,20),(904,0,78,13),(905,1,145,29),(906,0,197,40),(907,0,129,5),(908,1,49,28),(909,1,168,3),(910,1,165,3),(911,0,143,23),(912,0,16,45),(913,0,26,10),(914,1,166,35),(915,0,150,15),(916,0,34,9),(917,0,31,41),(918,0,110,16),(919,0,174,14),(920,1,44,13),(921,1,25,38),(922,0,197,34),(923,1,43,8),(924,0,25,13),(925,1,189,15),(926,0,8,7),(927,0,42,14),(928,1,193,37),(929,1,152,31),(930,1,54,39),(931,1,82,34),(932,0,73,36),(933,1,126,1),(934,1,181,17),(935,1,133,40),(936,1,47,4),(937,1,170,41),(938,1,138,3),(939,0,29,28),(940,1,6,37),(941,1,186,46),(942,1,168,23),(943,1,65,32),(944,0,136,34),(945,1,20,7),(946,1,109,38),(947,0,130,19),(948,1,164,17),(949,0,84,10),(950,1,178,11),(951,1,70,9),(952,1,138,2),(953,0,173,38),(954,1,19,42),(955,1,141,11),(956,0,13,27),(957,0,137,36),(958,0,158,19),(959,0,172,13),(960,1,165,35),(961,0,142,36),(962,1,185,19),(963,0,197,13),(964,0,148,11),(965,1,117,3),(966,0,112,38),(967,0,24,7),(968,1,176,14),(969,1,133,35),(970,0,46,3),(971,0,51,47),(972,0,17,12),(973,0,88,20),(974,1,111,4),(975,1,67,32),(976,0,106,39),(977,0,35,4),(978,0,74,22),(979,0,80,37),(980,1,163,24),(981,0,40,26),(982,0,138,34),(983,1,10,22),(984,0,11,6),(985,0,185,8),(986,0,178,8),(987,1,2,3),(988,0,68,5),(989,1,54,26),(990,0,59,34),(991,1,90,40),(992,0,109,31),(993,0,52,45),(994,0,162,1),(995,0,160,18),(996,1,48,34),(997,1,44,46),(998,0,123,20),(999,0,59,45),(1000,1,189,11),(2001,1,158,18),(2002,1,146,22),(2003,1,98,35),(2004,1,154,4),(2005,0,104,40),(2006,1,188,45),(2007,1,45,14),(2008,1,109,39),(2009,0,37,36),(2010,0,52,10),(2011,0,68,26),(2012,1,63,16),(2013,1,76,14),(2014,0,194,9),(2015,1,48,14),(2016,1,12,14),(2017,1,59,9),(2018,1,131,29),(2019,1,43,39),(2020,0,177,26),(2021,1,68,7),(2022,1,39,48),(2023,1,27,47),(2024,1,76,30),(2025,0,147,24),(2026,1,148,22),(2027,0,24,25),(2028,0,83,24),(2029,0,66,34),(2030,1,48,16),(2031,1,54,14),(2032,0,136,41),(2033,0,91,47),(2034,0,176,1),(2035,1,92,13),(2036,0,79,46),(2037,0,158,36),(2038,1,59,47),(2039,1,119,33),(2040,1,127,47),(2041,0,29,8),(2042,1,136,32),(2043,0,35,10),(2044,1,30,14),(2045,0,42,31),(2046,0,34,27),(2047,0,194,11),(2048,1,55,13),(2049,1,96,21),(2050,1,166,24),(2051,1,55,43),(2052,0,121,30),(2053,1,38,40),(2055,1,37,28),(2056,1,74,8),(2057,1,6,19),(2058,1,133,22),(2059,1,147,44),(2060,0,96,47),(2061,0,94,6),(2062,1,16,2),(2063,1,81,15),(2064,1,155,34),(2065,1,10,6),(2066,0,102,11),(2067,0,170,38),(2068,0,131,21),(2069,0,62,18),(2070,1,83,22),(2071,0,181,29),(2072,1,158,26),(2073,1,194,42),(2074,1,15,31),(2075,1,92,32),(2076,0,32,28),(2077,0,22,16),(2078,1,78,27),(2079,1,71,41),(2080,0,128,20),(2082,1,63,39),(2083,1,87,2),(2084,1,194,40),(2085,1,88,1),(2086,1,114,42),(2088,0,55,6),(2089,0,34,47),(2090,0,145,10),(2091,0,34,7),(2092,0,136,13),(2093,1,125,21),(2094,1,158,13),(2095,0,49,39),(2096,0,137,7),(2097,0,69,28),(2098,0,197,7),(2099,1,63,11),(2100,0,20,4),(2102,0,65,14),(2103,1,188,16),(2104,0,164,20),(2105,1,82,13),(2106,0,24,45),(2107,0,87,35),(2108,1,113,23),(2109,1,89,23),(2110,1,6,25),(2112,1,67,29),(2113,0,22,9),(2114,1,154,36),(2115,0,36,30),(2116,0,185,36),(2117,0,135,35),(2118,1,4,10),(2119,0,155,4),(2120,1,76,24),(2121,0,1,4),(2122,0,27,18),(2123,0,120,9),(2124,0,14,47),(2125,0,156,18),(2126,0,119,1),(2127,1,5,44),(2128,1,76,16),(2129,1,189,28),(2130,1,20,16),(2131,0,103,30),(2132,1,16,36),(2134,0,180,7),(2135,1,140,20),(2137,1,95,27),(2138,0,178,26),(2139,1,90,18),(2140,0,149,24),(2141,0,98,23),(2142,0,90,32),(2143,0,175,29),(2144,1,18,43),(2145,0,62,32),(2146,0,187,24),(2147,0,123,5),(2149,1,24,23),(2150,1,98,3),(2151,0,41,32),(2152,0,173,22),(2153,1,178,37),(2154,0,115,25),(2155,0,19,23),(2156,0,9,48),(2157,1,11,20),(2158,1,91,27),(2159,0,106,34),(2160,1,96,22),(2161,0,133,38),(2162,0,125,34),(2163,1,175,38),(2164,0,41,11),(2166,1,54,43),(2167,0,137,34),(2168,0,73,10),(2169,0,126,9),(2170,1,197,33),(2171,1,70,4),(2172,0,188,1),(2173,0,124,34),(2174,1,65,42),(2175,1,181,34),(2176,0,163,18),(2177,1,10,4),(2178,1,81,4),(2179,0,111,17),(2180,1,196,33),(2181,1,72,20),(2182,1,98,40),(2183,0,41,19),(2184,0,93,48),(2185,1,193,29),(2186,0,112,33),(2187,1,28,48),(2188,0,25,9),(2189,1,23,5),(2190,0,43,20),(2191,0,176,15),(2192,0,197,21),(2193,0,41,22),(2195,1,43,45),(2196,1,65,12),(2197,0,132,20),(2198,0,25,12),(2199,1,132,31),(2200,1,55,44),(2201,0,114,6),(2203,0,195,38),(2204,0,66,2),(2205,1,30,17),(2206,0,149,10),(2207,1,180,12),(2208,1,56,2),(2209,0,194,31),(2210,0,100,28),(2211,0,26,5),(2212,1,160,17),(2213,0,178,3),(2214,1,152,33),(2215,0,135,2),(2216,0,2,31),(2217,1,105,9),(2218,1,42,43),(2219,1,5,1),(2220,0,188,27),(2222,1,162,19),(2223,1,115,5),(2224,0,30,21),(2225,1,109,2),(2226,1,58,45),(2227,0,63,17),(2228,0,39,5),(2229,0,72,22),(2230,1,140,2),(2231,1,126,5),(2232,0,142,41),(2233,1,50,16),(2235,0,155,22),(2237,0,164,12),(2238,1,114,13),(2239,0,7,17),(2240,1,172,4),(2241,0,133,25),(2242,0,14,22),(2243,0,67,47),(2244,0,35,6),(2245,0,162,13),(2246,0,10,19),(2247,1,133,9),(2248,0,148,32),(2249,1,65,28),(2250,0,36,40),(2251,0,196,35),(2252,0,128,1),(2253,0,31,15),(2254,1,89,29),(2255,1,137,16),(2256,0,148,31),(2257,1,173,25),(2258,0,132,40),(2259,0,155,37),(2260,1,178,6),(2261,1,49,31),(2262,0,109,43),(2264,1,26,35),(2266,0,93,5),(2267,1,110,42),(2268,0,179,43),(2269,0,154,38),(2270,1,197,47),(2271,1,96,30),(2272,1,18,11),(2273,1,62,36),(2274,0,112,31),(2275,0,179,8),(2276,0,199,27),(2277,0,104,4),(2278,0,55,5),(2279,0,193,11),(2280,0,107,20),(2281,1,70,38),(2282,0,28,37),(2283,1,190,19),(2284,1,181,4),(2285,0,108,17),(2286,1,128,13),(2288,1,110,1),(2289,0,149,31),(2291,0,27,6),(2292,0,156,27),(2293,1,195,21),(2294,0,98,24),(2295,0,25,41),(2296,0,177,10),(2297,1,32,39),(2298,0,15,37),(2299,1,67,5),(2300,1,67,27),(2301,1,106,2),(2302,1,29,30),(2303,0,161,27),(2304,0,181,30),(2305,0,63,20),(2306,1,145,8),(2307,0,181,37),(2308,1,194,27),(2309,1,1,45),(2310,1,17,36),(2311,0,13,31),(2312,1,166,25),(2313,1,94,48),(2314,1,93,40),(2316,1,2,15),(2317,0,15,20),(2318,0,143,25),(2319,0,77,48),(2320,0,8,13),(2321,0,42,2),(2322,0,27,31),(2323,0,171,46),(2324,0,164,44),(2325,1,185,5),(2326,0,198,16),(2327,0,185,25),(2328,0,180,30),(2329,1,18,7),(2330,1,168,24),(2331,1,109,12),(2332,0,30,18),(2333,0,113,3),(2334,0,93,11),(2335,0,51,36),(2336,1,140,48),(2337,1,150,37),(2338,0,111,26),(2339,1,54,28),(2340,1,59,27),(2341,1,87,28),(2343,1,4,21),(2344,0,119,22),(2345,1,77,34),(2346,0,1,16),(2347,0,13,5),(2348,1,147,38),(2349,1,36,14),(2350,0,195,36),(2351,1,141,30),(2352,0,16,11),(2353,1,125,14),(2354,1,60,8),(2355,0,154,11),(2356,1,143,2),(2357,0,127,48),(2358,0,99,41),(2359,1,183,41),(2360,0,53,23),(2361,1,188,5),(2362,1,140,5),(2363,0,118,22),(2364,0,96,5),(2367,0,3,12),(2368,0,174,43),(2369,0,191,15),(2370,1,179,10),(2371,1,167,47),(2372,0,42,19),(2373,0,181,16),(2374,1,102,17),(2375,1,54,5),(2376,1,160,13),(2377,1,141,19),(2378,1,35,2),(2379,1,46,19),(2381,1,85,31),(2382,0,161,28),(2383,1,12,43),(2384,1,9,13),(2385,0,82,45),(2386,0,59,5),(2387,0,142,22),(2388,0,144,37),(2389,0,46,47),(2390,0,27,34),(2391,0,6,26),(2392,1,177,36),(2393,0,84,35),(2394,1,124,47),(2395,0,183,22),(2396,1,98,2),(2397,0,77,26),(2398,1,147,36),(2399,0,38,15),(2400,0,109,45),(2401,1,53,3),(2402,1,50,9),(2403,1,72,46),(2404,1,177,28),(2405,0,116,10),(2406,1,192,18),(2407,1,59,14),(2408,1,76,36),(2409,0,190,1),(2410,1,183,31),(2411,1,123,6),(2412,0,195,25),(2413,1,2,34),(2414,1,6,12),(2415,1,19,35),(2416,1,184,4),(2417,0,23,43),(2418,1,92,6),(2419,0,93,3),(2420,1,13,9),(2421,0,172,18),(2422,1,3,36),(2424,1,190,22),(2425,1,86,32),(2427,0,182,34),(2428,0,113,5),(2429,0,84,38),(2430,0,14,8),(2432,1,39,17),(2433,1,149,44),(2434,1,10,18),(2435,1,149,48),(2436,1,82,12),(2437,0,124,28),(2438,0,165,40),(2439,0,169,30),(2440,0,179,29),(2441,1,180,10),(2443,1,58,27),(2444,1,80,15),(2445,1,63,1),(2446,1,28,30),(2447,0,79,7),(2448,0,125,29),(2450,0,21,12),(2451,1,137,5),(2452,0,62,41),(2453,1,114,25),(2454,0,46,18),(2455,0,122,40),(2456,0,50,45),(2457,0,190,32),(2458,0,196,38),(2459,0,129,45),(2460,1,57,44),(2461,0,58,33),(2462,1,191,20),(2463,0,125,41),(2464,0,95,7),(2465,0,161,45),(2466,0,184,47),(2467,1,37,24),(2468,0,41,24),(2469,0,140,35),(2470,1,35,16),(2471,1,99,5),(2472,1,194,16),(2473,0,84,6),(2474,0,88,21),(2475,0,25,32),(2476,1,2,37),(2477,1,151,3),(2478,1,162,21),(2479,0,18,9),(2480,0,148,30),(2481,0,125,13),(2482,0,96,41),(2483,0,173,24),(2484,0,138,5),(2485,0,142,42),(2486,0,190,34),(2487,1,32,33),(2488,0,116,23),(2489,0,39,6),(2490,1,144,20),(2492,1,41,41),(2493,1,38,9),(2494,0,133,2),(2495,1,37,29),(2496,0,160,10),(2497,1,13,42),(2498,0,64,46),(2499,1,54,9),(2500,1,60,41),(2501,0,40,41),(2502,1,170,20),(2503,1,197,12),(2504,1,7,1),(2505,1,45,40),(2506,0,26,21),(2507,1,11,45),(2508,1,198,34),(2509,0,66,44),(2510,1,165,6),(2511,0,50,35),(2512,0,30,4),(2513,0,135,4),(2514,1,46,8),(2516,1,88,30),(2517,1,6,30),(2518,0,115,15),(2519,1,100,19),(2520,1,46,31),(2521,0,66,28),(2522,0,46,24),(2523,1,139,8),(2524,0,41,6),(2525,1,109,34),(2526,0,55,7),(2527,0,149,36),(2528,0,57,1),(2529,1,104,43),(2530,1,104,35),(2531,1,123,15),(2532,1,48,27),(2533,0,81,30),(2535,1,132,13),(2536,1,91,10),(2537,0,170,13),(2538,1,180,1),(2539,1,103,1),(2540,1,110,41),(2541,1,121,34),(2542,1,31,17),(2544,0,121,10),(2545,0,96,26),(2546,0,48,33),(2547,1,80,29),(2548,0,17,9),(2549,1,65,31),(2550,0,137,12),(2551,1,77,25),(2552,0,33,30),(2553,0,86,26),(2554,0,26,8),(2556,0,97,30),(2557,0,10,38),(2558,0,60,48),(2559,0,66,31),(2560,0,129,1),(2561,0,125,4),(2562,1,190,33),(2563,0,48,10),(2564,0,64,23),(2565,0,18,6),(2566,0,33,17),(2567,1,150,10),(2568,0,32,15),(2569,1,87,30),(2570,0,98,44),(2571,1,144,1),(2572,1,85,25),(2573,1,132,23),(2574,1,77,11),(2575,0,159,47),(2576,0,31,16),(2577,0,6,13),(2578,1,196,19),(2580,1,168,13),(2581,1,110,23),(2582,1,100,32),(2583,0,52,13),(2584,0,61,33),(2585,0,108,26),(2587,0,37,2),(2588,1,199,16),(2592,1,180,48),(2594,0,72,8),(2595,0,132,48),(2596,1,91,23),(2597,0,77,43),(2598,1,180,8),(2599,1,103,45),(2600,1,10,8),(2601,0,63,12),(2602,1,63,2),(2603,1,42,40),(2604,0,155,32),(2605,1,82,32),(2606,0,65,1),(2607,1,150,7),(2608,1,61,30),(2609,1,157,28),(2611,0,116,35),(2612,1,171,3),(2613,1,160,2),(2614,1,131,36),(2615,0,164,45),(2616,0,150,44),(2617,1,123,29),(2618,0,156,6),(2619,0,50,5),(2620,1,88,23),(2621,0,129,13),(2622,0,72,7),(2623,1,35,28),(2624,1,26,19),(2625,1,116,9),(2626,1,68,12),(2627,1,89,13),(2628,0,194,10),(2629,0,87,25),(2631,0,59,37),(2632,0,61,40),(2633,1,36,21),(2634,0,99,16),(2635,0,91,4),(2636,0,118,21),(2637,1,135,20),(2638,0,185,22),(2639,0,8,29),(2640,1,28,16),(2641,0,117,8),(2642,0,109,22),(2643,1,153,4),(2644,0,34,20),(2645,0,55,16),(2646,0,119,26),(2647,0,75,29),(2649,0,13,34),(2650,0,183,7),(2651,1,183,29),(2652,0,81,45),(2653,0,182,41),(2654,0,64,3),(2655,0,64,27),(2656,0,148,15),(2658,0,88,32),(2659,0,57,21),(2660,0,154,44),(2661,0,126,4),(2662,0,38,11),(2663,0,24,39),(2664,1,119,15),(2665,1,1,14),(2666,0,113,40),(2667,1,83,13),(2668,0,88,13),(2669,1,11,34),(2670,1,182,29),(2671,1,150,8),(2672,0,183,40),(2674,1,7,6),(2675,1,197,39),(2676,1,78,10),(2677,0,115,40),(2678,1,58,2),(2680,1,187,46),(2681,0,61,19),(2682,0,3,14),(2683,1,44,11),(2684,0,118,29),(2685,0,143,28),(2686,1,22,7),(2687,0,31,42),(2688,1,21,24),(2689,0,32,4),(2692,0,116,8),(2694,0,199,22),(2695,1,10,31),(2696,0,62,21),(2697,0,67,11),(2698,0,94,17),(2699,0,106,13),(2700,0,110,32),(2701,1,162,7),(2702,1,176,16),(2703,0,136,17),(2704,1,94,29),(2706,1,9,7),(2708,1,23,19),(2710,1,184,43),(2711,0,186,44),(2712,1,111,43),(2713,0,56,6),(2714,1,1,30),(2715,1,120,17),(2716,0,37,39),(2717,1,98,43),(2718,0,43,46),(2719,1,1,28),(2720,1,9,47),(2721,0,180,44),(2724,1,174,19),(2725,1,19,43),(2726,1,80,21),(2728,0,102,48),(2729,1,114,20),(2730,1,122,38),(2731,0,177,41),(2732,1,92,48),(2733,0,30,47),(2734,0,79,3),(2735,0,172,34),(2736,0,141,41),(2737,1,77,1),(2738,0,38,33),(2739,1,94,33),(2740,1,120,24),(2741,0,174,38),(2742,0,52,23),(2743,1,104,26),(2744,1,187,29),(2745,1,167,36),(2746,1,198,10),(2747,1,190,31),(2748,0,60,35),(2749,1,50,36),(2750,1,49,2),(2752,1,44,28),(2753,1,108,20),(2754,1,149,5),(2755,1,174,44),(2756,0,16,3),(2757,1,178,25),(2758,0,189,40),(2759,1,105,47),(2760,0,3,33),(2761,1,83,16),(2762,0,25,19),(2763,1,196,24),(2764,0,195,47),(2765,1,157,33),(2767,0,49,15),(2768,1,157,13),(2769,0,161,6),(2770,1,121,1),(2771,1,145,19),(2772,1,38,31),(2775,1,169,26),(2776,0,99,31),(2777,0,1,42),(2778,1,53,24),(2779,0,55,33),(2780,0,84,9),(2782,0,169,27),(2783,1,137,19),(2784,0,193,39),(2785,0,96,37),(2786,0,83,17),(2787,1,83,2),(2788,0,147,28),(2789,0,81,41),(2790,1,119,45),(2791,1,71,43),(2792,1,84,20),(2793,1,27,23),(2794,0,121,38),(2795,1,71,24),(2796,1,80,19),(2797,0,21,40),(2798,1,110,46),(2799,1,131,7),(2800,1,31,44),(2801,1,106,37),(2802,0,197,16),(2803,0,84,31),(2804,1,160,25),(2805,0,104,7),(2806,1,163,32),(2807,0,101,18),(2808,0,168,44),(2809,0,91,43),(2810,1,55,41),(2811,0,111,14),(2812,0,186,35),(2813,0,122,26),(2814,1,37,4),(2815,0,181,46),(2816,1,130,7),(2817,1,196,39),(2818,0,40,29),(2819,1,187,47),(2820,0,128,14),(2822,0,94,4),(2824,1,56,24),(2825,1,137,15),(2826,0,11,19),(2827,1,20,22),(2828,0,60,20),(2829,1,77,28),(2830,1,20,23),(2831,1,14,20),(2832,0,42,10),(2833,0,122,1),(2835,1,84,23),(2836,0,14,27),(2837,1,169,21),(2838,0,23,29),(2841,1,161,33),(2842,0,86,35),(2844,0,150,25),(2845,0,151,30),(2846,0,42,23),(2847,1,140,39),(2850,1,118,3),(2851,0,76,10),(2853,1,8,44),(2854,0,34,37),(2855,0,107,30),(2856,1,24,4),(2857,1,177,16),(2858,1,147,40),(2859,0,82,8),(2860,0,130,15),(2861,0,109,14),(2862,0,56,36),(2863,0,8,37),(2864,1,95,28),(2865,1,24,48),(2866,0,62,4),(2867,1,30,26),(2869,1,160,38),(2870,1,72,18),(2871,1,141,39),(2872,0,140,15),(2873,0,148,42),(2874,0,81,2),(2875,0,112,15),(2876,1,115,20),(2878,1,38,25),(2879,1,148,6),(2880,1,72,26),(2881,1,12,21),(2883,0,164,21),(2884,1,107,39),(2885,1,51,44),(2886,1,154,15),(2887,1,7,29),(2888,0,6,39),(2889,1,14,30),(2890,0,78,11),(2891,0,14,11),(2892,0,158,25),(2893,1,41,7),(2894,0,148,41),(2895,0,18,40),(2896,1,158,21),(2897,1,108,5),(2898,1,122,7),(2899,0,172,19),(2900,1,17,44),(2901,1,171,41),(2902,0,146,36),(2903,0,86,17),(2904,0,39,12),(2905,1,47,23),(2906,0,37,47),(2907,0,169,20),(2908,0,20,42),(2909,0,103,43),(2910,1,12,9),(2911,1,89,1),(2912,0,37,20),(2914,0,134,40),(2915,0,197,10),(2916,1,58,15),(2917,1,90,4),(2918,0,146,9),(2919,0,65,21),(2920,0,159,19),(2921,0,197,24),(2922,0,169,41),(2923,1,163,9),(2924,1,185,43),(2925,0,63,24),(2926,1,41,18),(2927,0,21,13),(2928,1,7,45),(2929,1,74,43),(2930,1,30,46),(2931,1,19,5),(2932,0,152,7),(2933,0,151,28),(2934,1,162,6),(2935,0,25,20),(2936,1,105,6),(2937,0,16,15),(2938,0,193,31),(2939,1,107,34),(2940,1,143,10),(2941,1,122,17),(2942,0,149,22),(2943,0,64,14),(2944,1,124,8),(2946,1,13,43),(2947,1,11,32),(2948,1,79,17),(2949,0,191,24),(2950,0,69,20),(2951,1,179,46),(2952,1,151,2),(2953,1,100,17),(2954,0,190,16),(2955,0,70,5),(2956,0,31,9),(2957,0,154,35),(2959,1,72,44),(2960,1,119,25),(2961,0,17,46),(2962,1,25,27),(2963,0,134,24),(2965,0,15,10),(2966,0,5,40),(2967,1,59,32),(2968,0,73,24),(2969,1,1,9),(2970,1,22,20),(2971,0,34,12),(2972,1,179,36),(2973,0,103,13),(2974,0,76,15),(2975,0,44,32),(2976,0,66,33),(2977,0,15,12),(2978,1,151,13),(2979,1,168,2),(2980,1,159,37),(2981,0,70,14),(2982,1,1,3),(2983,1,133,17),(2985,1,53,22),(2986,0,112,41),(2987,1,33,2),(2989,0,133,18),(2990,0,35,47),(2992,1,1,39),(2993,0,69,1),(2994,1,142,5),(2995,0,33,8),(2996,1,15,5),(2997,1,139,19),(2998,0,18,21),(2999,0,61,28),(3000,0,85,19),(4001,0,104,39),(4002,0,167,40),(4003,1,152,40),(4004,0,184,33),(4005,1,113,42),(4006,0,70,16),(4007,0,62,20),(4008,0,38,7),(4009,1,134,17),(4010,1,95,33),(4011,0,91,26),(4012,0,157,7),(4013,1,65,37),(4014,1,74,42),(4015,0,36,44),(4016,1,192,21),(4017,1,47,1),(4018,1,91,17),(4019,0,133,46),(4020,0,65,35),(4021,0,161,26),(4022,0,80,17),(4024,1,38,34),(4025,0,166,36),(4026,1,87,27),(4027,0,162,10),(4028,0,89,19),(4029,0,123,41),(4030,0,158,42),(4031,0,125,15),(4032,1,63,46),(4034,0,137,32),(4036,0,24,17),(4037,0,129,20),(4039,1,110,36),(4040,0,110,26),(4041,0,175,14),(4042,0,117,13),(4043,0,68,46),(4044,1,100,34),(4046,1,182,22),(4047,1,9,46),(4048,0,22,8),(4049,0,137,41),(4050,0,41,30),(4051,0,14,21),(4052,1,154,34),(4053,1,90,37),(4054,0,64,21),(4056,0,180,3),(4057,0,155,31),(4058,1,37,30),(4059,0,136,37),(4061,0,130,23),(4062,1,193,25),(4063,0,22,39),(4064,1,100,30),(4065,1,111,48),(4066,0,131,2),(4067,1,54,3),(4068,0,83,34),(4069,0,25,44),(4070,0,152,26),(4072,0,7,3),(4075,1,145,47),(4076,1,107,38),(4077,0,13,22),(4078,1,96,3),(4079,0,45,22),(4080,0,89,24),(4081,0,40,40),(4082,1,161,15),(4083,1,58,14),(4084,1,73,42),(4085,0,127,34),(4086,1,108,41),(4087,1,119,42),(4088,0,193,15),(4089,0,198,32),(4090,1,99,4),(4091,1,185,26),(4092,0,162,40),(4093,1,142,17),(4094,0,145,33),(4095,1,139,20),(4096,0,179,23),(4097,0,127,25),(4098,1,34,23),(4099,0,78,32),(4100,1,93,27),(4101,1,37,7),(4102,0,63,32),(4103,0,191,12),(4104,0,135,37),(4105,0,161,48),(4106,1,139,15),(4107,1,1,19),(4108,1,184,20),(4109,0,115,16),(4110,0,67,39),(4111,0,9,14),(4112,0,100,14),(4114,1,138,45),(4115,0,85,9),(4116,1,46,27),(4118,0,126,3),(4119,1,9,21),(4120,1,184,32),(4121,1,194,44),(4122,0,82,2),(4123,0,130,40),(4124,0,109,41),(4125,1,36,17),(4126,0,125,24),(4128,1,27,27),(4129,0,182,18),(4130,0,124,6),(4132,0,82,16),(4133,0,97,12),(4134,0,189,42),(4135,1,42,35),(4136,0,144,36),(4137,1,114,26),(4138,1,57,26),(4139,1,38,18),(4140,0,183,36),(4141,0,151,37),(4143,0,36,23),(4144,0,16,13),(4146,1,153,16),(4147,0,155,38),(4149,0,105,31),(4151,0,85,22),(4152,1,108,47),(4153,0,44,48),(4155,0,101,46),(4156,1,122,37),(4157,1,38,4),(4159,1,109,8),(4160,0,150,29),(4161,0,54,4),(4162,0,72,14),(4163,0,77,22),(4164,1,130,25),(4165,1,36,42),(4166,0,21,38),(4167,0,70,43),(4168,1,118,25),(4170,0,32,19),(4174,0,166,48),(4175,1,99,15),(4176,0,139,22),(4178,1,123,21),(4179,1,125,1),(4180,0,14,36),(4182,1,30,1),(4183,0,45,47),(4184,1,122,43),(4185,1,118,10),(4186,1,148,35),(4188,1,29,43),(4190,0,183,48),(4191,0,76,45),(4192,1,56,29),(4193,0,153,42),(4194,0,18,15),(4195,1,141,29),(4196,0,44,8),(4197,0,128,46),(4198,0,126,31),(4199,1,175,8),(4200,0,129,34),(4202,0,89,2),(4203,0,144,8),(4204,1,77,27),(4205,0,77,15),(4207,0,12,3),(4208,1,182,26),(4209,1,163,10),(4211,1,142,6),(4212,1,144,30),(4213,1,160,6),(4214,1,103,28),(4215,0,55,20),(4217,1,73,20),(4218,0,42,30),(4219,0,156,43),(4220,0,161,21),(4221,1,118,42),(4223,1,107,35),(4225,0,134,22),(4226,1,166,14),(4227,0,92,7),(4228,1,186,36),(4229,1,5,32),(4230,1,97,37),(4231,1,159,9),(4232,1,9,18),(4233,0,68,43),(4234,1,7,10),(4235,1,141,1),(4236,1,149,39),(4237,1,86,39),(4238,0,120,19),(4239,1,78,24),(4240,0,146,15),(4241,0,121,40),(4242,1,175,22),(4243,0,125,27),(4244,1,16,26),(4245,1,190,39),(4246,1,192,4),(4247,0,108,3),(4248,0,173,39),(4250,0,114,37),(4252,0,77,20),(4253,0,198,30),(4254,1,196,46),(4255,0,127,13),(4256,0,78,31),(4257,0,126,36),(4258,1,148,1),(4259,0,149,3),(4260,0,61,34),(4261,1,84,48),(4262,1,50,47),(4263,0,33,33),(4266,1,55,28),(4267,0,88,34),(4268,1,151,11),(4269,0,8,40),(4270,0,172,7),(4272,1,24,24),(4273,0,67,22),(4274,0,69,30),(4275,0,159,46),(4276,1,189,38),(4277,1,43,31),(4278,0,107,24),(4279,1,192,44),(4280,1,110,21),(4281,0,48,9),(4282,1,119,40),(4283,0,102,8),(4284,0,76,12),(4285,1,16,22),(4287,1,29,4),(4288,1,102,33),(4289,0,131,44),(4290,0,98,1),(4291,0,159,21),(4292,0,21,1),(4293,1,116,26),(4294,1,19,38),(4295,0,187,5),(4296,1,176,32),(4297,1,5,17),(4298,0,111,31),(4299,0,134,2),(4303,0,75,5),(4304,1,24,18),(4305,0,105,16),(4307,1,132,3),(4308,0,32,22),(4309,0,54,7),(4310,1,143,11),(4311,1,167,32),(4312,1,107,25),(4313,0,104,34),(4314,0,62,1),(4315,1,142,40),(4316,1,58,13),(4317,0,58,5),(4318,0,20,14),(4319,1,93,47),(4320,1,166,42),(4321,1,194,33),(4322,0,108,25),(4323,0,72,2),(4324,0,11,11),(4325,0,89,42),(4327,0,36,22),(4329,0,167,7),(4330,0,149,15),(4331,1,20,8),(4333,0,109,9),(4334,0,40,35),(4335,1,32,38),(4336,0,150,12),(4337,1,147,14),(4338,0,186,7),(4340,1,139,46),(4341,0,52,7),(4342,1,85,6),(4343,0,53,17),(4344,1,77,33),(4347,1,103,16),(4348,0,156,19),(4349,1,64,15),(4350,0,78,34),(4351,0,82,27),(4352,0,149,46),(4353,1,70,3),(4354,1,13,44),(4355,0,35,19),(4356,1,107,10),(4357,1,115,42),(4358,1,166,8),(4359,0,25,4),(4360,1,31,43),(4361,1,64,47),(4362,1,172,2),(4363,0,145,36),(4364,0,22,10),(4365,1,6,6),(4366,1,46,21),(4367,0,10,36),(4368,0,22,41),(4370,0,100,8),(4371,1,76,37),(4372,1,104,15),(4373,1,87,15),(4374,0,42,15),(4375,0,44,42),(4376,0,59,26),(4377,0,85,36),(4379,1,180,34),(4381,1,137,9),(4383,0,137,42),(4384,1,47,17),(4385,1,157,12),(4386,1,152,45),(4387,0,182,10),(4388,1,37,15),(4389,0,143,15),(4390,0,166,38),(4391,0,151,8),(4392,0,7,47),(4393,1,60,30),(4394,1,159,45),(4395,1,130,28),(4396,0,89,33),(4397,0,141,17),(4398,0,150,36),(4399,0,63,28),(4400,0,52,1),(4401,0,5,4),(4402,1,93,16),(4403,0,83,11),(4405,1,196,8),(4406,1,136,40),(4407,1,112,29),(4408,1,36,29),(4410,1,69,44),(4411,1,93,24),(4412,1,6,9),(4413,1,130,48),(4414,0,145,22),(4416,1,107,15),(4417,0,13,1),(4418,1,107,12),(4419,1,22,33),(4420,0,32,25),(4421,1,75,23),(4422,1,43,1),(4423,0,97,46),(4424,1,90,31),(4425,1,52,5),(4426,1,187,40),(4428,0,169,13),(4429,1,192,25),(4430,0,90,15),(4433,0,48,35),(4434,1,121,18),(4435,1,6,15),(4436,0,79,12),(4437,0,128,23),(4438,0,150,47),(4439,0,25,43),(4440,0,66,40),(4441,1,34,4),(4442,1,154,45),(4443,1,142,32),(4444,1,133,42),(4445,0,38,2),(4446,0,108,12),(4447,1,71,44),(4448,0,121,43),(4449,0,197,35),(4450,1,198,4),(4451,1,86,42),(4452,0,95,34),(4453,1,50,29),(4454,0,110,2),(4455,0,59,11),(4456,0,147,47),(4458,1,98,32),(4459,0,17,39),(4460,0,114,48),(4461,1,198,11),(4462,1,81,1),(4464,0,189,31),(4465,0,153,38),(4467,1,138,38),(4469,1,71,42),(4470,0,26,11),(4471,1,198,22),(4472,1,143,4),(4473,1,86,41),(4474,1,119,35),(4475,1,32,46),(4476,0,79,20),(4477,1,188,28),(4478,0,41,34),(4479,1,131,38),(4480,0,2,25),(4481,0,4,42),(4483,0,42,27),(4484,1,104,36),(4485,0,169,18),(4487,1,169,25),(4488,1,125,26),(4489,1,34,41),(4490,0,152,15),(4492,1,102,37),(4493,0,194,23),(4494,0,40,39),(4495,0,165,29),(4496,0,155,18),(4498,1,155,43),(4499,1,8,25),(4500,0,192,20),(4502,1,85,13),(4504,0,125,43),(4505,1,27,17),(4506,0,176,48),(4507,1,110,44),(4508,0,47,47),(4510,1,2,45),(4512,0,171,47),(4513,0,103,23),(4516,0,82,36),(4517,1,89,38),(4519,1,74,24),(4520,0,23,12),(4521,0,141,7),(4522,1,197,6),(4526,0,146,29),(4527,0,33,10),(4528,0,142,9),(4529,0,179,25),(4530,1,158,16),(4531,0,58,17),(4535,1,7,32),(4536,1,141,34),(4537,0,80,4),(4538,1,136,4),(4539,1,150,41),(4541,0,118,4),(4542,1,31,28),(4543,0,47,2),(4544,0,146,12),(4546,0,12,34),(4547,0,71,21),(4548,0,160,41),(4549,1,79,38),(4550,1,195,48),(4551,0,144,3),(4552,0,144,35),(4553,0,30,41),(4554,0,29,31),(4555,1,49,32),(4557,0,163,39),(4560,1,58,43),(4561,1,35,44),(4563,0,139,10),(4564,0,97,2),(4565,0,187,32),(4568,1,6,46),(4570,0,141,27),(4571,1,47,13),(4572,0,92,35),(4574,1,91,32),(4575,1,51,39),(4576,0,114,27),(4577,1,153,25),(4579,0,36,48),(4580,1,33,5),(4581,1,29,36),(4582,1,28,46),(4583,1,193,8),(4584,1,93,14),(4585,0,111,15),(4586,0,195,20),(4587,1,139,23),(4588,1,47,48),(4589,1,162,3),(4592,0,43,36),(4594,1,71,4),(4595,1,14,7),(4597,1,13,23),(4598,1,7,37),(4599,0,198,3),(4600,1,181,45),(4601,1,54,18),(4604,1,118,2),(4605,1,6,32),(4606,0,100,13),(4607,1,125,11),(4608,0,153,9),(4609,1,50,22),(4610,1,91,45),(4611,1,93,38),(4612,1,139,48),(4613,1,179,32),(4614,0,115,31),(4615,0,135,24),(4618,0,173,17),(4619,1,139,25),(4620,1,72,35),(4621,0,129,31),(4622,0,59,41),(4623,0,110,12),(4624,1,133,45),(4625,1,52,34),(4627,1,104,10),(4629,0,52,35),(4630,1,38,3),(4631,0,172,45),(4632,0,3,6),(4633,0,79,33),(4636,0,85,34),(4637,1,103,36),(4638,1,199,3),(4642,0,67,2),(4643,1,159,8),(4644,0,9,20),(4646,0,124,13),(4647,0,21,31),(4648,0,108,46),(4649,1,154,40),(4650,1,166,13),(4651,0,138,48),(4652,1,80,31),(4653,0,149,2),(4654,0,188,23),(4655,1,105,23),(4656,0,164,24),(4657,0,114,24),(4658,0,64,1),(4659,0,134,47),(4660,1,133,32),(4661,0,42,45),(4662,1,47,7),(4663,1,45,18),(4664,0,198,6),(4665,0,140,18),(4666,1,41,16),(4667,1,179,33),(4668,1,178,17),(4669,0,54,29),(4671,1,155,12),(4672,0,111,20),(4673,0,186,34),(4674,0,180,19),(4675,1,137,24),(4676,1,198,47),(4677,1,55,25),(4678,0,51,37),(4680,0,122,10),(4681,0,127,21),(4682,1,104,18),(4683,1,101,5),(4684,0,61,9),(4685,0,50,19),(4686,0,170,17),(4687,0,15,19),(4688,1,53,14),(4689,1,108,36),(4690,1,126,13),(4691,1,86,22),(4693,1,113,48),(4694,0,79,32),(4695,1,62,26),(4696,0,78,39),(4697,1,119,32),(4698,0,47,5),(4699,0,123,13),(4700,0,154,29),(4701,1,158,22),(4702,0,91,11),(4703,1,1,23),(4706,0,191,28),(4708,1,29,24),(4709,0,115,14),(4710,1,53,43),(4711,1,166,47),(4712,1,13,12),(4713,1,186,22),(4714,0,131,32),(4716,1,51,24),(4717,0,72,19),(4718,1,164,16),(4719,1,3,29),(4720,0,19,7),(4721,0,136,24),(4722,1,70,10),(4723,0,95,38),(4725,1,74,33),(4727,1,19,26),(4728,0,121,6),(4731,1,196,15),(4732,1,35,46),(4733,0,180,14),(4734,1,79,19),(4735,0,188,4),(4736,1,143,35),(4738,0,27,42),(4739,1,94,46),(4740,1,192,3),(4741,0,65,45),(4742,1,60,7),(4745,1,51,5),(4746,1,188,42),(4747,1,163,16),(4748,0,104,12),(4749,1,89,26),(4750,1,27,35),(4751,0,196,1),(4752,0,130,46),(4753,1,153,27),(4754,0,176,13),(4755,1,36,15),(4756,0,102,34),(4757,0,129,2),(4758,0,193,46),(4759,0,161,7),(4760,0,103,33),(4761,1,75,26),(4762,1,161,38),(4763,0,106,9),(4764,0,104,3),(4765,0,129,6),(4766,1,73,46),(4768,0,3,28),(4770,1,69,36),(4771,0,173,35),(4772,0,175,42),(4773,1,185,17),(4775,1,171,4),(4776,0,157,21),(4777,0,186,12),(4778,1,24,15),(4780,1,111,6),(4781,1,39,26),(4782,1,159,14),(4783,0,34,3),(4784,1,37,26),(4785,1,116,2),(4788,1,178,34),(4789,0,142,20),(4790,1,116,6),(4791,0,121,7),(4792,1,115,44),(4794,0,69,12),(4797,1,14,16),(4798,1,6,44),(4799,0,26,2),(4801,1,118,12),(4802,0,133,23),(4804,0,112,28),(4805,0,20,24),(4806,0,166,10),(4807,1,27,24),(4810,1,90,41),(4812,1,96,31),(4813,0,34,38),(4814,0,80,43),(4815,1,194,22),(4816,1,97,36),(4817,1,166,6),(4818,1,91,20),(4820,1,90,42),(4822,1,38,42),(4823,0,74,34),(4824,0,177,7),(4825,1,123,22),(4826,1,64,30),(4827,1,140,14),(4828,0,110,4),(4831,1,124,39),(4832,0,1,24),(4834,1,149,26),(4835,1,186,48),(4836,1,73,29),(4837,1,134,13),(4838,1,2,29),(4839,0,178,18),(4840,0,28,24),(4841,1,64,33),(4843,0,35,9),(4844,1,110,7),(4845,0,192,39),(4847,1,140,36),(4850,1,82,6),(4852,0,39,42),(4855,1,32,6),(4856,0,77,23),(4857,0,46,26),(4858,1,149,43),(4860,0,88,39),(4861,0,72,15),(4862,1,89,18),(4863,0,12,44),(4864,0,181,15),(4865,1,141,33),(4868,1,195,32),(4869,1,186,9),(4870,1,192,13),(4872,0,16,29),(4874,0,28,20),(4875,0,190,42),(4876,0,79,16),(4877,0,192,35),(4878,1,20,17),(4880,0,11,30),(4882,1,160,48),(4883,0,7,38),(4884,0,96,2),(4885,0,35,18),(4886,0,130,30),(4887,0,4,23),(4889,0,129,17),(4890,0,55,37),(4891,1,137,4),(4893,0,52,24),(4895,1,146,17),(4898,1,81,33),(4899,1,51,46),(4900,0,142,45),(4901,0,74,39),(4903,0,96,17),(4904,0,39,13),(4905,1,130,24),(4906,1,47,22),(4907,1,24,29),(4908,0,199,40),(4909,1,57,9),(4911,0,174,5),(4912,1,70,37),(4914,0,192,45),(4915,0,79,24),(4916,1,83,29),(4917,0,178,40),(4918,0,82,10),(4920,1,111,22),(4921,1,125,5),(4922,0,158,2),(4923,0,124,31),(4924,0,183,18),(4925,1,107,43),(4926,1,1,8),(4927,1,196,34),(4928,1,159,22),(4929,1,7,39),(4930,1,4,5),(4932,0,106,17),(4934,0,61,11),(4935,1,126,39),(4937,0,30,24),(4938,0,139,7),(4940,0,83,10),(4941,1,161,39),(4942,0,148,39),(4943,1,109,44),(4944,1,103,14),(4945,0,135,22),(4946,1,190,25),(4948,0,162,30),(4949,1,174,12),(4951,1,59,19),(4952,0,30,15),(4954,0,182,45),(4955,0,157,10),(4957,0,42,38),(4959,1,139,1),(4960,1,155,9),(4961,0,157,34),(4963,1,80,32),(4964,1,94,36),(4965,0,132,28),(4966,1,81,6),(4967,1,148,18),(4968,1,151,18),(4969,0,134,30),(4970,0,112,11),(4971,1,38,26),(4972,0,170,1),(4973,1,23,10),(4974,0,14,6),(4975,1,110,13),(4976,0,144,21),(4977,1,71,1),(4979,0,117,2),(4980,0,87,42),(4981,1,55,11),(4982,0,60,4),(4983,0,113,8),(4984,0,62,7),(4985,1,2,48),(4986,1,164,22),(4987,0,37,12),(4988,0,115,32),(4989,0,162,22),(4990,1,98,47),(4991,1,106,44),(4992,1,105,20),(4993,0,21,9),(4994,1,132,5),(4995,1,149,42),(4996,1,168,29),(5000,1,58,21);



DELIMITER //
CREATE FUNCTION emailEtUsernameUnique(email varchar(100), username varchar(100)) RETURNS boolean
BEGIN
    DECLARE uniqu boolean;
    set uniqu := true;
    IF exists(SELECT U.email FROM utilisateurs U WHERE U.email = email) OR exists(SELECT U.username FROM utilisateurs U WHERE U.username = username) then
        set uniqu := false;
    end if ;
    RETURN uniqu;
end //
DELIMITER ;

DELIMITER //
CREATE PROCEDURE AjouterFavoris(IN uid integer, IN gid integer)
BEGIN
    DECLARE exist boolean;
    set exist := false;
    IF exists(SELECT F.favid FROM favoris F WHERE F.gid = gid AND F.uid = uid) then
        set exist := true;
    end if ;
    IF exist = false then
        INSERT INTO favoris (Uid, Gid) VALUES (uid, gid);
    ELSE
        DELETE FROM favoris F WHERE F.Gid=gid AND F.Uid=uid;
    end if ;

end //
DELIMITER ;


DELIMITER //
CREATE PROCEDURE AjouterLike(IN uid integer, IN gid integer)
BEGIN
    DECLARE existLike boolean;
    DECLARE existDislike boolean;
    set existLike := false;
    set existDislike := false;
    IF exists(SELECT N.Noteid FROM Note N WHERE N.gid = gid AND N.uid = uid AND N.dislike = false) then
        set existLike := true;
    ELSEIF exists(SELECT N.Noteid FROM Note N WHERE N.gid = gid AND N.uid = uid AND N.dislike = true) then
        set existDislike := true;
    end if ;
    IF existLike = true then
        DELETE FROM note N WHERE N.uid=uid AND N.gid=gid;
    ELSEIF existDislike = true then
        DELETE FROM note N WHERE N.uid=uid AND N.gid=gid;
        INSERT INTO note (Uid, Gid, dislike) VALUES (uid, gid, false);
    ELSE
        INSERT INTO note (Uid, Gid, dislike) VALUES (uid, gid, false);
    end if ;
end //
DELIMITER ;


DELIMITER //
CREATE PROCEDURE AjouterDislike(IN uid integer, IN gid integer)
BEGIN
    DECLARE existLike boolean;
    DECLARE existDislike boolean;
    set existLike := false;
    set existDislike := false;
    IF exists(SELECT N.Noteid FROM Note N WHERE N.gid = gid AND N.uid = uid AND N.dislike = false) then
        set existLike := true;
    ELSEIF exists(SELECT N.Noteid FROM Note N WHERE N.gid = gid AND N.uid = uid AND N.dislike = true) then
        set existDislike := true;
    end if ;
    IF existLike = true then
        DELETE FROM note N WHERE N.uid=uid AND N.gid=gid;
        INSERT INTO note (Uid, Gid, dislike) VALUES (uid, gid, true);
    ELSEIF existDislike = true then
        DELETE FROM note N WHERE N.uid=uid AND N.gid=gid;
    ELSE
        INSERT INTO note (Uid, Gid, dislike) VALUES (uid, gid, true);
    end if ;
end //
DELIMITER ;


DELIMITER //
CREATE PROCEDURE AjouterUser(IN hash1 varchar(100), IN email1 varchar(100), IN age1 integer, IN username1 varchar(100), IN nom1 varchar(100))
BEGIN
    IF emailEtUsernameUnique(email1, username1) = true AND age1 >= 58 AND age1 <=76 THEN
        INSERT INTO utilisateurs (hash, email, age, username, nom) VALUE(hash1, email1, age1, username1, nom1);
    end if ;
end //
DELIMITER ;

create index typeGif ON gifs (type);

