DROP DATABASE IF EXISTS projetglo2005;

CREATE DATABASE projetglo2005;
use projetglo2005;


DROP TABLE IF EXISTS Favoris;
DROP TABLE IF EXISTS Note;
DROP TABLE IF EXISTS Reponse;
DROP TABLE IF EXISTS Commentaire;
DROP TABLE IF EXISTS Cree;
DROP TABLE IF EXISTS Gifs;
DROP TABLE IF EXISTS utilisateurs;
DROP TABLE IF EXISTS Createurs;

SET GLOBAL log_bin_trust_function_creators=1;

CREATE TABLE Utilisateurs(Uid integer NOT NULL AUTO_INCREMENT, Avatar varchar(200) default "https://i.stack.imgur.com/YaL3s.jpg", Hash varchar(100), Email varchar(100), Age integer, Username varchar(50), nom varchar(100), PRIMARY KEY(Uid), UNIQUE(Username), UNIQUE(Email));
CREATE TABLE Gifs(Gid integer not null AUTO_INCREMENT, Nom varchar(100), type varchar(100), Date date, Path varchar(200), NbLike integer DEFAULT 0, NbDislike integer DEFAULT 0, NbClicK integer DEFAULT 0, PRIMARY KEY(Gid), UNIQUE(Nom, Path));
CREATE TABLE Cree(Uid integer, Gid integer, PRIMARY KEY(Gid), FOREIGN KEY(Gid) REFERENCES Gifs(Gid) ON DELETE CASCADE, FOREIGN KEY(Uid) REFERENCES Utilisateurs(uid));
CREATE TABLE Commentaire(Comid integer NOT NULL AUTO_INCREMENT, texte varchar(500), Uid integer, Gid integer, PRIMARY KEY(Comid) , FOREIGN KEY(Uid) REFERENCES Utilisateurs(Uid), FOREIGN KEY(Gid) REFERENCES Gifs(Gid) on delete cascade);
CREATE TABLE Reponse(Repid integer NOT NULL AUTO_INCREMENT, Comid integer, texte varchar(500), Uid integer, PRIMARY KEY(Repid), FOREIGN KEY(Comid) REFERENCES Commentaire(Comid) ON DELETE CASCADE, FOREIGN KEY(Uid) REFERENCES Utilisateurs(Uid));
CREATE TABLE Note(Noteid integer NOT NULL AUTO_INCREMENT, Dislike boolean, Uid integer, Gid integer, PRIMARY KEY(Noteid), UNIQUE(Uid, Gid), FOREIGN KEY(Uid) REFERENCES Utilisateurs(Uid), FOREIGN KEY(Gid) REFERENCES Gifs(Gid) ON DELETE CASCADE);
CREATE TABLE Favoris(Favid integer NOT NULL AUTO_INCREMENT, Uid integer, Gid integer, PRIMARY KEY(Favid), UNIQUE(Uid, Gid), FOREIGN KEY(Uid) REFERENCES Utilisateurs(Uid), FOREIGN KEY(Gid) REFERENCES Gifs(Gid) ON DELETE CASCADE);



DELIMITER //

CREATE TRIGGER AgeUtilisateur
    BEFORE INSERT ON Utilisateurs
    FOR EACH ROW
    BEGIN
        IF NEW.Age < 58 OR NEW.Age > 76 THEN
            SIGNAL SQLSTATE '45000';
        end if ;
    end //

DELIMITER ;



DELIMITER //

CREATE TRIGGER AumenterNombreLikeDislike
    AFTER INSERT ON  Note
    FOR EACH ROW
    BEGIN
        IF NEW.Dislike = False THEN
            UPDATE Gifs G SET G.NbLike = G.NbLike + 1 WHERE G.Gid = NEW.Gid;
        ELSE
            UPDATE Gifs G SET G.NbDislike = G.NbDislike + 1 WHERE G.Gid = NEW.Gid;
        end if ;
    end //

DELIMITER ;

DELIMITER //

CREATE TRIGGER DiminuerNombreLikeDislike
    AFTER DELETE ON  Note
    FOR EACH ROW
    BEGIN
        IF OLD.Dislike = FALSE THEN
        UPDATE Gifs G SET G.NbLike = G.NbLike - 1 WHERE G.Gid = OLD.Gid;
        ELSE
            UPDATE Gifs G SET G.NbDislike = G.NbDislike - 1 WHERE G.Gid = OLD.Gid;
        END IF;
    end //

DELIMITER ;




insert into gifs (Nom, type, Date, Path, NbLike, NbDislike) value("baby bird", 'Gif', '2022-03-16', "https://media.giphy.com/media/hSjOP9Isvq8oWYQiVS/giphy.gif", 0, 0);
insert into gifs (Nom, type, Date, Path, NbLike, NbDislike) value("danse multiple", 'Gif', '2022-03-16', "https://media.giphy.com/media/B81XkL3dtnWTe/giphy.gif", 0, 0);
insert into gifs (Nom, type, Date, Path, NbLike, NbDislike) value("blue bird", 'Gif', '2022-03-16', "https://media.giphy.com/media/9PwxaMmfh1wfS/giphy.gif", 0, 0);
insert into gifs (Nom, type, Date, Path, NbLike, NbDislike) value("drole bird lunette meme vert", 'Gif', '2022-03-16', "https://media.giphy.com/media/oFI7FttD0iC8V2Iqmy/giphy.gif", 0, 0);
insert into gifs (Nom, type, Date, Path, NbLike, NbDislike) value("danse vert drole jaune bras", 'Gif', '2022-03-16', "https://media.giphy.com/media/LZElUsjl1Bu6c/giphy.gif",  0, 0);
insert into gifs (Nom, type, Date, Path, NbLike, NbDislike) value("blue art peinture", 'Gif', '2022-03-16', "https://media.giphy.com/media/Ex1w4IdYJDfa0/giphy.gif", 0, 0);
insert into gifs (Nom, type, Date, Path, NbLike, NbDislike) value("drole vert bird", 'Gif', '2022-03-16', "https://media.giphy.com/media/2jKdye2KWy3XiDUq2E/giphy.gif",  0, 0);
insert into gifs (Nom, type, Date, Path, NbLike, NbDislike) value("serieux bird noir blanc", 'Gif', '2022-03-16', "https://media.giphy.com/media/11nJ3kaAXETWQo/giphy.gif",  0, 0);
insert into gifs (Nom, type, Date, Path, NbLike, NbDislike) value("blue cute multiple plume", 'Gif', '2022-03-16', "https://media.giphy.com/media/OUuwn1HCfQjIY/giphy.gif",  0, 0);
insert into gifs (Nom, type, Date, Path, NbLike, NbDislike) value("vert course jaune drole", 'Gif', '2022-03-16', "https://media.giphy.com/media/wH8s0Ntwgh5YI/giphy.gif",  0, 0);
insert into gifs (Nom, type, Date, Path, NbLike, NbDislike) value("cute vert bird", 'Gif', '2022-03-16', "https://media.giphy.com/media/FO4lgeCgKkC2I/giphy.gif",  0, 0);
insert into gifs (Nom, type, Date, Path, NbLike, NbDislike) value("morning sleeping bird white blue", 'Gif', '2022-03-16', "https://media.giphy.com/media/l0MrFrxo1nTTRwoko/giphy.gif",  0, 0);
insert into gifs (Nom, type, Date, Path, NbLike, NbDislike) value("jaune drole", 'Gif', '2022-03-16', "https://media.giphy.com/media/SQ1nUXwCpki4g/giphy.gif",  0, 0);
insert into gifs (Nom, type, Date, Path, NbLike, NbDislike) value("brun bird serieux", 'Gif', '2022-03-16', "https://media.giphy.com/media/VBVY9IJKDxwHK/giphy.gif",  0, 0);
insert into gifs (Nom, type, Date, Path, NbLike, NbDislike) value("bird danse rouge orange", 'Gif', '2022-03-16', "https://media.giphy.com/media/zlVf2eSgXIFFuTnEhz/giphy.gif",  0, 0);
insert into gifs (Nom, type, Date, Path, NbLike, NbDislike) value("vert drole epic", 'Gif', '2022-03-16', "https://media.giphy.com/media/ceHKRKMR6Ojao/giphy.gif",  0, 0);
insert into gifs (Nom, type, Date, Path, NbLike, NbDislike) value("danse bird vert", 'Gif', '2022-03-16', "https://media.giphy.com/media/vVWUEFDUVItxu/giphy.gif",  0, 0);
insert into gifs (Nom, type, Date, Path, NbLike, NbDislike) value("vert blue multiple bird drole", 'Gif', '2022-03-16', "https://media.giphy.com/media/8DMcPUczc3cze/giphy.gif",  0, 0);
insert into gifs (Nom, type, Date, Path, NbLike, NbDislike) value("danse plume bird", 'Gif', '2022-03-16', "https://media.giphy.com/media/5pYss15Th6gkCvZhw7/giphy-downsized-large.gif", 0, 0);
insert into gifs (Nom, type, Date, Path, NbLike, NbDislike) value("refus blanc danse bird", 'Gif', '2022-03-16', "https://media.giphy.com/media/W5YVAfSttCqre/giphy.gif", 0, 0);
insert into gifs (Nom, type, Date, Path, NbLike, NbDislike) value("cute plume bird blanc", 'Gif', '2022-03-16', "https://media.giphy.com/media/TQoap3ycHL25a/giphy.gif",  0, 0);
insert into gifs (Nom, type, Date, Path, NbLike, NbDislike) value("blue cute bird", 'Gif', '2022-03-16', "https://media.giphy.com/media/PsLIN8YlKy4rS/giphy.gif",  0, 0);
insert into gifs (Nom, type, Date, Path, NbLike) VALUES ("bird rouge", 'Gif', '2022-03-23', "https://media.giphy.com/media/MB6nc19nH5ERy/giphy.gif",  0);
insert into gifs (Nom, type, Date, Path, NbLike) VALUES ("danse bird", 'Gif', '2022-03-23', "https://media.giphy.com/media/gl8UGPXe4hlOSDhLYl/giphy.gif",  0);
insert into gifs (Nom, type, Date, Path, NbLike) VALUES ("plume bird", 'Gif', '2022-03-23', "https://media.giphy.com/media/nYSHbwGjFqZi7QnY8A/giphy.gif", 0);
insert into gifs (Nom, type, Date, Path, NbLike) VALUES ("plume bird", 'Gif', '2022-03-23', "https://media.giphy.com/media/vsGnvQD0ZcQco/giphy.gif", 0);
insert into gifs (Nom, type, Date, Path, NbLike) VALUES ("blue bird", 'Gif', '2022-03-23', "https://media.giphy.com/media/nQZVy7bYWEKK4/giphy-downsized-large.gif",  0);
insert into gifs (Nom, type, Date, Path, NbLike) VALUES ("danse", 'Gif', '2022-03-23', "https://media.giphy.com/media/enSdDnhpN8gq4/giphy.gif",  0);
insert into gifs (Nom, type, Date, Path, NbLike) VALUES ("bird", 'Gif', '2022-03-23', "https://media.giphy.com/media/QOwv9PMbslvq/giphy.gif", 0);
insert into gifs (Nom, type, Date, Path, NbLike) VALUES ("bird multiple bebes vert", 'Gif', '2022-03-23', "https://media.giphy.com/media/VYoRYiE4XSdX2/giphy.gif", 0);
insert into gifs (Nom, type, Date, Path, NbLike) VALUES ("danse vert drole", 'Gif', '2022-03-23', "https://media.giphy.com/media/Dhxh6ADBP7c2Y/giphy.gif", 0);
insert into gifs (Nom, type, Date, Path, NbLike) VALUES ("bird drole plume", 'Gif', '2022-03-23', "https://media.giphy.com/media/34yAoB0v7EWhG/giphy.gif", 0);
insert into gifs (Nom, type, Date, Path, NbLike) VALUES ("bird jaune cute", 'Gif', '2022-03-23', "https://media.giphy.com/media/M0jGKAV3yaKLS/giphy.gif",  0);
insert into gifs (Nom, type, Date, Path, NbLike) VALUES ("bird multiple drole", 'Gif', '2022-03-23', "https://media.giphy.com/media/fR5dEe1OzrSV2/giphy.gif",  0);
insert into gifs (Nom, type, Date, Path, NbLike) VALUES ("oiseau bird plume", 'Gif', '2022-03-23', "https://media.giphy.com/media/dTC204ha6c1wY/giphy.gif",  0);
insert into gifs (Nom, type, Date, Path, NbLike) VALUES ("oiseau jaune plume", 'Gif', '2022-03-23', "https://media.giphy.com/media/MpGWxMQ5S8kda/giphy.gif", 0);
insert into gifs (Nom, type, Date, Path, NbLike) VALUES ("oiseau blanc plume cute", 'Gif', '2022-03-23', "https://media.giphy.com/media/YOkVtQYKrP900bWdoC/giphy-downsized-large.gif", 0);
insert into gifs (Nom, type, Date, Path, NbLike) VALUES ("drole danse", 'Gif', '2022-03-23', "https://media.giphy.com/media/TFPra0W11fUnIQeQMG/giphy.gif",  0);
insert into gifs (Nom, type, Date, Path, NbLike) VALUES ("bird danse drole", 'Gif', '2022-03-23', "https://media.giphy.com/media/dv7K4FEfgSm2Y/giphy.gif",  0);
insert into gifs (Nom, type, Date, Path, NbLike) VALUES ("vert danse rouge jaune drole multiple", 'Gif', '2022-03-23', "https://media.giphy.com/media/JyOsEVxu2Nk8E/giphy.gif",  0);
insert into gifs (Nom, type, Date, Path, NbLike) VALUES ("bird danse", 'Gif', '2022-03-23', "https://media.giphy.com/media/6mr2y6RGPcEU0/giphy.gif",  0);
insert into gifs (Nom, type, Date, Path, NbLike) VALUES ("danse plume bird", 'Gif', '2022-03-23', "https://media.giphy.com/media/l0HlIo3bPNiMUABt6/giphy.gif",  0);
insert into gifs (Nom, type, Date, Path, NbLike) VALUES ("bird drole", 'Gif', '2022-03-23', "https://media.giphy.com/media/EECy1Cp6nyV9e/giphy.gif",  0);
insert into gifs (Nom, type, Date, Path, NbLike) VALUES ("danse bird drole", 'Gif', '2022-03-23', "https://media.giphy.com/media/xwy9AbBlXlIFW/giphy.gif", 0);
insert into gifs (Nom, type, Date, Path, NbLike) VALUES ("cute multiple bird art", 'Gif', '2022-03-23', "https://media.giphy.com/media/wMrDQG1xeCPe/giphy.gif",  0);
insert into gifs (Nom, type, Date, Path) VALUES ("bird danse blue", 'Gif', '2022-03-23', "https://media.giphy.com/media/xT0GqqWj0MagW1COzu/giphy.gif");
insert into gifs (Nom, type, Date, Path) VALUES ("bird drole surpris ", 'Gif', '2022-03-23', "https://media.giphy.com/media/feqkVgjJpYtjy/giphy.gif");
insert into gifs (Nom, type, Date, Path) VALUES ("bird danse drole vert", 'Gif', '2022-03-23', "https://media.giphy.com/media/SwlohAOSnf8B2DLFat/giphy-downsized-large.gif");
insert into gifs (Nom, type, Date, Path) VALUES ("bird danse", 'Gif', '2022-03-23', "https://media.giphy.com/media/Tk7qgDoOoukR7uMVgH/giphy-downsized-large.gif");
insert into gifs (Nom, type, Date, Path) VALUES ("bird blue danse", 'Gif', '2022-03-23', "https://media.giphy.com/media/jZW51JxM9CmDm/giphy.gif");
insert into gifs (Nom, type, Date, Path) VALUES ("bird cute jaune blanc ", 'Gif', '2022-03-23', "https://media.giphy.com/media/DyJb4KRLnVbUY/giphy.gif");
insert into gifs (Nom, type, Date, Path) VALUES ("bird plume cute vert", 'Gif', '2022-03-23', "https://media.giphy.com/media/12aC2hH2jrDpDi/giphy.gif");
insert into gifs (Nom, type, Date, Path) VALUES ("bird blue cute", 'Gif', '2022-03-23', "https://media.giphy.com/media/xUA7aUOIB26HybnCko/giphy.gif");
insert into gifs (Nom, type, Date, Path) VALUES ("bird rouge plume", 'Gif', '2022-03-23', "https://media.giphy.com/media/Zd6dwUdAs8oziv5BOL/giphy.gif");
insert into gifs (Nom, type, Date, Path) VALUES ("bird blue hi", 'Gif', '2022-03-23', "https://media.giphy.com/media/brsEO1JayBVja/giphy.gif");
insert into gifs (Nom, type, Date, Path) VALUES ("bird blue", 'Gif', '2022-03-23', "https://media.giphy.com/media/1VV7WStZm0QdBe81R5/giphy.gif");
insert into gifs (Nom, type, Date, Path) VALUES ("bird blue red yellow danse", 'Gif', '2022-03-23', "https://media.giphy.com/media/eGmGjySmtrYaJIe1u7/giphy-downsized-large.gif");
insert into gifs (Nom, type, Date, Path) VALUES ("bird blue multiple", 'Gif', '2022-03-23', "https://media.giphy.com/media/Lp8n6n2nqju1auF3zo/giphy-downsized-large.gif");
insert into gifs (Nom, type, Date, Path) VALUES ("bird blue epic", 'Gif', '2022-03-23', "https://media.giphy.com/media/gKDhIY35yXrBS/giphy.gif");
insert into gifs (Nom, type, Date, Path) VALUES ("bird cute multiple", 'Gif', '2022-03-23', "https://media.giphy.com/media/5dYow5dhWy3vwA6XRK/giphy.gif");
insert into gifs (Nom, type, Date, Path) VALUES ("bird drole", 'Gif', '2022-03-23', "https://media.giphy.com/media/GTnHMr8QI7ZPG/giphy.gif");
insert into gifs (Nom, type, Date, Path) VALUES ("bird blue drole", 'Gif', '2022-03-23', "https://media.giphy.com/media/xUOwFTGrBJgSXSygGA/giphy.gif");
insert into gifs (Nom, type, Date, Path) VALUES ("bird drole blue multiple", 'Gif', '2022-03-23', "https://media.giphy.com/media/3oKIPmJonGimU9bI2s/giphy.gif");
insert into gifs (Nom, type, Date, Path) VALUES ("bird cute multiple", 'Gif', '2022-03-23', "https://media.giphy.com/media/BWAyxVML5q8gwragvw/giphy.gif");
insert into gifs (Nom, type, Date, Path) VALUES ("bird blue drole", 'Gif', '2022-03-23', "https://media.giphy.com/media/3ohs7XEZXNKCUlZ9gk/giphy.gif");
insert into gifs (Nom, type, Date, Path) VALUES ("bird blue drole multiple", 'Gif', '2022-03-23', "https://media.giphy.com/media/l1J9D0ywoNzmPTkvS/giphy.gif");
insert into gifs (Nom, type, Date, Path) VALUES ("bird blue drole", 'Gif', '2022-03-23', "https://media.giphy.com/media/3o6EQaLSDrVEPU4WDC/giphy.gif");
insert into gifs (Nom, type, Date, Path) VALUES ("bird multiple black", 'Gif', '2022-03-23', "https://media.giphy.com/media/ETkaaaWirUgHC/giphy.gif");
insert into gifs (Nom, type, Date, Path) VALUES ("bird multiple", 'Gif', '2022-03-23', "https://media.giphy.com/media/4cuIJUaSMdRV6/giphy.gif");
insert into gifs (Nom, type, Date, Path) VALUES ("bird plume epic", 'Gif', '2022-03-23', "https://media.giphy.com/media/3oh3mFyWmyfndaLjlC/giphy-downsized-large.gif");
insert into gifs (Nom, type, Date, Path) VALUES ("bird jaune drole multiple", 'Gif', '2022-03-23', "https://media.giphy.com/media/l41m3e5ImQKNg12Q8/giphy.gif");
insert into gifs (Nom, type, Date, Path) VALUES ("bird drole jaune chat", 'Gif', '2022-03-23', "https://media.giphy.com/media/9QkeslZRfdgWc/giphy.gif");
insert into gifs (Nom, type, Date, Path) VALUES ("bird drole jaune chat", 'Gif', '2022-03-23', "https://media.giphy.com/media/13i3rWt5oIf7ws/giphy.gif");
insert into gifs (Nom, type, Date, Path) VALUES ("bird danse blue", 'Gif', '2022-03-23', "https://media.giphy.com/media/WXgQucWm9SUHm/giphy.gif");
insert into gifs (Nom, type, Date, Path) VALUES ("bird multiple jaune", 'Gif', '2022-03-23', "https://media.giphy.com/media/KY5itWvIINKs8/giphy.gif");
insert into gifs (Nom, type, Date, Path) VALUES ("bird drole muscle", 'Gif', '2022-03-23', "https://media.giphy.com/media/cmXNfKk6FFiOXuR52I/giphy.gif");
insert into gifs (Nom, type, Date, Path) VALUES ("bird rouge muscle drole", 'Gif', '2022-03-23', "https://media.giphy.com/media/XDjezXcaPgfYAIioRM/giphy.gif");
insert into gifs (Nom, type, Date, Path) VALUES ("bird art brun", 'Gif', '2022-03-23', "https://media.giphy.com/media/BrUr9wfBSFIE9L0S6y/giphy.gif");
insert into gifs (Nom, type, Date, Path) VALUES ("bird blue drole masscotte", 'Gif', '2022-03-23', "https://media.giphy.com/media/xUNda3FZtEZogAZLe8/giphy.gif");
insert into gifs (Nom, type, Date, Path) VALUES ("bird mascotte danse", 'Gif', '2022-03-23', "https://media.giphy.com/media/3o6nULO4msTrFCaBGg/giphy.gif");
insert into gifs (Nom, type, Date, Path) VALUES ("bird multiple blue", 'Gif', '2022-03-23', "https://media.giphy.com/media/26u4eSXQY19wOJxoQ/giphy.gif");
insert into gifs (Nom, type, Date, Path) VALUES ("bird red fly", 'Gif', '2022-03-23', "https://media.giphy.com/media/3ornjQQZhry6bF31CM/giphy.gif");
insert into gifs (Nom, type, Date, Path) VALUES ("bird pirate red", 'Gif', '2022-03-23', "https://media.giphy.com/media/3ornjQQZhry6bF31CM/giphy.gif");
insert into gifs (Nom, type, Date, Path) VALUES ("bird drole vert", 'Gif', '2022-03-23', "https://media.giphy.com/media/aTWLVsvacZMVq/giphy.gif");
insert into gifs (Nom, type, Date, Path) VALUES ("bird drole brun", 'Gif', '2022-03-23', "https://media.giphy.com/media/12sE0n701ifjUs/giphy.gif");
insert into gifs (Nom, type, Date, Path) VALUES ("bird cute pink", 'Gif', '2022-03-23', "https://media.giphy.com/media/3o7ZeMCXAFPvusagQU/giphy.gif");
insert into gifs (Nom, type, Date, Path) VALUES ("bird drole vert", 'Gif', '2022-03-23', "https://media.giphy.com/media/l1J9EYKfV0Tak9d5u/giphy.gif");
insert into gifs (Nom, type, Date, Path) VALUES ("bird danse", 'Gif', '2022-03-23', "https://media.giphy.com/media/xUOxfmd5eHm7xwVT5m/giphy.gif");
insert into gifs (Nom, type, Date, Path) VALUES ("bird danse drole", 'Gif', '2022-03-23', "https://media.giphy.com/media/3o7qDPBTlHHDbsH0YM/giphy.gif");
insert into gifs (Nom, type, Date, Path) VALUES ("bird drole ", 'Gif', '2022-03-23', "https://media.giphy.com/media/l0NwFERdMQMIZgw6Y/giphy.gif");
insert into gifs (Nom, type, Date, Path) VALUES ("bird drole", 'Gif', '2022-03-23', "https://media.giphy.com/media/26n7b4nROfNWWNmcE/giphy.gif");
insert into gifs (Nom, type, Date, Path) VALUES ("bird blue cute", 'Gif', '2022-03-23', "https://media.giphy.com/media/hQXaS6L83sMBEBvOYc/giphy.gif");
insert into gifs (Nom, type, Date, Path) VALUES ("bird drole jaune", 'Gif', '2022-03-23', "https://media.giphy.com/media/3o72Fecl2G2toeIjoA/giphy.gif");
insert into gifs (Nom, type, Date, Path) VALUES ("bird nature", 'Gif', '2022-03-23', "https://media.giphy.com/media/115PgUpRcgiTyU/giphy.gif");
insert into gifs (Nom, type, Date, Path, NbLike) VALUES ("clip1", 'Clip', '2022-03-23', "https://giphy.com/embed/6Ak5qyeCgD4zb0iSg2/video",  0);
insert into gifs (Nom, type, Date, Path, NbLike) VALUES ("clip1", 'Clip', '2022-03-23', "https://giphy.com/embed/SsvDsXaeUpa6CiYwYT/video",  0);
insert into gifs (Nom, type, Date, Path, NbLike) VALUES ("clip1", 'Clip', '2022-03-23', "https://giphy.com/embed/qXdsLvOKZFdV4sIznQ/video" ,  0);
insert into gifs (Nom, type, Date, Path, NbLike) VALUES ("clip1", 'Clip', '2022-03-23', "https://giphy.com/embed/EsluDq5cS8yUMM5vn7/video",  0);
insert into gifs (Nom, type, Date, Path, NbLike) VALUES ("clip1", 'Clip', '2022-03-23', "https://giphy.com/embed/z5PNcTlRWdsnJOMWMS/video",  0);
insert into gifs (Nom, type, Date, Path, NbLike) VALUES ("clip1", 'Clip', '2022-03-23', "https://giphy.com/embed/O1IX6qmUCBJqBvgzpd/video",  0);
insert into gifs (Nom, type, Date, Path) VALUES ("JOYEUSEPAQUES", 'Story', '2022-04-16', "https://media.giphy.com/media/3o7btR0DDBY5AJ58yY/giphy.gif");




insert into utilisateurs (Hash, Email, Age, Username, nom) VALUES ("123", "email1@gamail.com", 60, "User1", "Utilisateur1");
insert into utilisateurs (Hash, Email, Age, Username, nom) VALUES ("123", "email2@gamail.com", 60, "User2", "Utilisateur2");
insert into utilisateurs (Hash, Email, Age, Username, nom) VALUES ("123", "email3@gamail.com", 60, "User3", "Utilisateur3");
insert into utilisateurs (Hash, Email, Age, Username, nom) VALUES ("123", "email4@gamail.com", 60, "User4", "Utilisateur4");
insert into utilisateurs (Hash, Email, Age, Username, nom) VALUES ("123", "email5@gamail.com", 60, "User5", "Utilisateur5");
insert into utilisateurs (Hash, Email, Age, Username, nom) VALUES ("123", "email6@gamail.com", 60, "User6", "Utilisateur6");
insert into utilisateurs (Hash, Email, Age, Username, nom) VALUES ("123", "email7@gamail.com", 60, "User7", "Utilisateur7");
insert into utilisateurs (Hash, Email, Age, Username, nom) VALUES ("123", "email8@gamail.com", 60, "User8", "Utilisateur8");
insert into utilisateurs (Hash, Email, Age, Username, nom) VALUES ("123", "email9@gamail.com", 60, "User9", "Utilisateur9");
insert into utilisateurs (Hash, Email, Age, Username, nom) VALUES ("123", "email10@gamail.com", 60, "User10", "Utilisateur10");
insert into utilisateurs (Hash, Email, Age, Username, nom) VALUES ("123", "email11@gamail.com", 60, "User11", "Utilisateur11");
insert into utilisateurs (Hash, Email, Age, Username, nom) VALUES ("123", "email12@gamail.com", 60, "User12", "Utilisateur12");
insert into utilisateurs (Hash, Email, Age, Username, nom) VALUES ("123", "email13@gamail.com", 60, "User13", "Utilisateur13");
insert into utilisateurs (Hash, Email, Age, Username, nom) VALUES ("123", "email14@gamail.com", 60, "User14", "Utilisateur14");
insert into utilisateurs (Hash, Email, Age, Username, nom) VALUES ("123", "email15@gamail.com", 60, "User15", "Utilisateur15");
insert into utilisateurs (Hash, Email, Age, Username, nom) VALUES ("123", "email16@gamail.com", 60, "User16", "Utilisateur16");
insert into utilisateurs (Hash, Email, Age, Username, nom) VALUES ("123", "email17@gamail.com", 60, "User17", "Utilisateur17");
insert into utilisateurs (Hash, Email, Age, Username, nom) VALUES ("123", "email18@gamail.com", 60, "User18", "Utilisateur18");
insert into utilisateurs (Hash, Email, Age, Username, nom) VALUES ("123", "email19@gamail.com", 60, "User19", "Utilisateur19");
insert into utilisateurs (Hash, Email, Age, Username, nom) VALUES ("123", "email111@gamail.com", 60, "User111", "Utilisateur111");
insert into utilisateurs (Hash, Email, Age, Username, nom) VALUES ("123", "email112@gamail.com", 60, "User112", "Utilisateur112");
insert into utilisateurs (Hash, Email, Age, Username, nom) VALUES ("123", "email113@gamail.com", 60, "User113", "Utilisateur113");
insert into utilisateurs (Hash, Email, Age, Username, nom) VALUES ("123", "email114@gamail.com", 60, "User114", "Utilisateur114");
insert into utilisateurs (Hash, Email, Age, Username, nom) VALUES ("123", "email115@gamail.com", 60, "User115", "Utilisateur115");
insert into utilisateurs (Hash, Email, Age, Username, nom) VALUES ("123", "email116@gamail.com", 60, "User116", "Utilisateur116");
insert into utilisateurs (Hash, Email, Age, Username, nom) VALUES ("123", "email117@gamail.com", 60, "User117", "Utilisateur117");
insert into utilisateurs (Hash, Email, Age, Username, nom) VALUES ("123", "email118@gamail.com", 60, "User118", "Utilisateur118");
insert into utilisateurs (Hash, Email, Age, Username, nom) VALUES ("123", "email119@gamail.com", 60, "User119", "Utilisateur119");
insert into utilisateurs (Hash, Email, Age, Username, nom) VALUES ("123", "email121@gamail.com", 60, "User121", "Utilisateur121");
insert into utilisateurs (Hash, Email, Age, Username, nom) VALUES ("123", "email122@gamail.com", 60, "User122", "Utilisateur122");
insert into utilisateurs (Hash, Email, Age, Username, nom) VALUES ("123", "email123@gamail.com", 60, "User123", "Utilisateur123");
insert into utilisateurs (Hash, Email, Age, Username, nom) VALUES ("123", "email124@gamail.com", 60, "User124", "Utilisateur124");
INSERT INTO `Utilisateurs` VALUES (33,'https://i.stack.imgur.com/YaL3s.jpg','1cd0b8a184e6903820d357c7f34e7fed7f687b2a','devon04@example.com',74,'uhamill','Alessandra'),(34,'https://i.stack.imgur.com/YaL3s.jpg','94e494a3e1f3be6e46ffd1b3e9a382dee9d2fd18','lynch.matilda@example.com',62,'ismael17','Chyna'),(35,'https://i.stack.imgur.com/YaL3s.jpg','38b4525d90122884836eb822256f5047cdec0a26','iupton@example.com',68,'lehner.destin','Mabel'),(36,'https://i.stack.imgur.com/YaL3s.jpg','efb28a09c5c0829352b01d702e5388b805a7cffa','zakary.walter@example.net',75,'golden.marquardt','Laurence'),(37,'https://i.stack.imgur.com/YaL3s.jpg','a6cbb05ab3d8596d71e69b4d391902cf88acc89c','chaim52@example.com',67,'rodrigo80','Dasia'),(38,'https://i.stack.imgur.com/YaL3s.jpg','712bd7fd9f0d376bcfe5ec0c80850ca132eca4c8','rosalyn48@example.com',66,'fkuphal','Fannie'),(39,'https://i.stack.imgur.com/YaL3s.jpg','730d6f0e4f35ac0c7b9ed49f993c75fd66ecd88b','briana40@example.com',73,'gislason.conner','Margaretta'),(40,'https://i.stack.imgur.com/YaL3s.jpg','4d1abd6e8c41091d65782795043304863d81f5cb','antonetta.emard@example.com',73,'mandy56','Francisca'),(41,'https://i.stack.imgur.com/YaL3s.jpg','857a2e28d48e736575231233b890badddcc23b07','marc.eichmann@example.com',60,'lockman.violet','Alysha'),(42,'https://i.stack.imgur.com/YaL3s.jpg','87d5aa949586b254d018a8cc82a23b1aefa2351f','tpredovic@example.net',62,'dorthy04','Tressa'),(43,'https://i.stack.imgur.com/YaL3s.jpg','f56aa684ec9316aa82dc5631759b3cc78bca2afd','ben.nicolas@example.org',71,'marks.garrick','Janie'),(44,'https://i.stack.imgur.com/YaL3s.jpg','a1d4bb498dc3c38ef7a9c6349129619de7477b39','herman.ayden@example.org',75,'tevin.kub','Isobel'),(45,'https://i.stack.imgur.com/YaL3s.jpg','af93b1e0f82d3b7194a6dcd242694e2ec5c19303','dickens.ryann@example.com',72,'mhyatt','Maddison'),(46,'https://i.stack.imgur.com/YaL3s.jpg','56e60f43c790ec3ee5217f05c6ca0bbd5d1f2e65','adela.abshire@example.org',72,'virginie87','Savanah'),(47,'https://i.stack.imgur.com/YaL3s.jpg','f9ca92589e0d9fa29861ed86101d0c8b5fc80310','garret.kertzmann@example.org',70,'wo\'hara','Anita'),(48,'https://i.stack.imgur.com/YaL3s.jpg','b5068b9ccc37f05dde7d8be3da661e0b224d8081','fbrekke@example.net',66,'dare.viviane','Allene'),(49,'https://i.stack.imgur.com/YaL3s.jpg','c6a52d1e147c95cdffd827c2ed3c47310ca884ac','kjakubowski@example.org',62,'norma.pfannerstill','Alverta'),(50,'https://i.stack.imgur.com/YaL3s.jpg','9bef3b51a5991dcffda5d37c172058fee7c68626','zhamill@example.org',65,'hauck.coralie','Savanna'),(51,'https://i.stack.imgur.com/YaL3s.jpg','8a4f985e1a75646754ade1053148e46721505509','dbauch@example.net',70,'alvena31','Amira'),(52,'https://i.stack.imgur.com/YaL3s.jpg','4b755134ce65f2b9b1bee7367347457032933079','leda.ziemann@example.com',63,'guy82','Hellen'),(53,'https://i.stack.imgur.com/YaL3s.jpg','44607ea40864bde350c4281c5a3fe18c6a7266b9','mferry@example.org',69,'auer.hyman','Emily'),(54,'https://i.stack.imgur.com/YaL3s.jpg','fb1f9bb09a64b8de4e1b0fded7404c782dc74f5e','jarrett86@example.org',62,'funk.esmeralda','Felicia'),(55,'https://i.stack.imgur.com/YaL3s.jpg','064acf92496f1cbb0b1b6bbc87117016d2395ccb','zita.collier@example.com',68,'bbergnaum','Adriana'),(56,'https://i.stack.imgur.com/YaL3s.jpg','8fa1a0c85dde55c7ffb968ebf7479c64f875535d','turner.welch@example.net',61,'angelina22','Vicenta'),(57,'https://i.stack.imgur.com/YaL3s.jpg','cd6402c58787eaf27c80a7abb31309257fd2c309','hayden.mcdermott@example.com',74,'stroman.reid','Aurore'),(58,'https://i.stack.imgur.com/YaL3s.jpg','b6035315303a54fd9ec20279a2f843d3d5cb8851','emorissette@example.net',63,'klowe','Birdie'),(59,'https://i.stack.imgur.com/YaL3s.jpg','2a79cf81cf37991724fe533cb826e7109273d0ac','xcormier@example.net',59,'reinhold.thiel','Annamarie'),(60,'https://i.stack.imgur.com/YaL3s.jpg','91851b1af9a93e23ebb4da3c205ab2d96741602e','elian52@example.com',63,'gusikowski.rosie','Ivory'),(61,'https://i.stack.imgur.com/YaL3s.jpg','63de65c4b934a980fdba1d4550910880b91d1da9','schuppe.andres@example.com',60,'ali.denesik','Euna'),(62,'https://i.stack.imgur.com/YaL3s.jpg','1a55a5395141e17968b32ddaa2a16fa500c37ca1','earline.vonrueden@example.net',63,'hrice','Abigale'),(63,'https://i.stack.imgur.com/YaL3s.jpg','f41319f119dc478a04e268a4617b2132b1b92374','gretchen75@example.org',75,'nhowe','Odie'),(64,'https://i.stack.imgur.com/YaL3s.jpg','68f2543ffa0a69d980a5257c3c101191c425f347','jean65@example.net',71,'damion.gottlieb','Amira'),(65,'https://i.stack.imgur.com/YaL3s.jpg','14daa912713336bdb350f16fd7db820819a77b47','lemke.opal@example.org',65,'rachael.howell','Ilene'),(66,'https://i.stack.imgur.com/YaL3s.jpg','113d90536acf296825faa41c6d5e0cc462ba6cdf','egreenholt@example.com',73,'domenica.gleichner','Brionna'),(67,'https://i.stack.imgur.com/YaL3s.jpg','59c6275aafbdc7093eb6508e857f4488f393931b','keebler.priscilla@example.net',73,'terry.emory','Lucile'),(68,'https://i.stack.imgur.com/YaL3s.jpg','ee37563de9eebf4f643ee4b24c893533eceab6de','jordi70@example.com',67,'vita.johns','Jayda'),(69,'https://i.stack.imgur.com/YaL3s.jpg','1260dcb99ae02f55beefab2bbfa2908c6caa6e50','geovany49@example.org',74,'makenna.heidenreich','Shayna'),(70,'https://i.stack.imgur.com/YaL3s.jpg','e08cda53717d22567f97a1ee520596591200198b','ila99@example.com',62,'rogahn.laurie','Mandy'),(71,'https://i.stack.imgur.com/YaL3s.jpg','f9346e50523df053faaf57b9d04d099f6d18d6bd','dicki.clemmie@example.net',62,'sbatz','Juliana'),(72,'https://i.stack.imgur.com/YaL3s.jpg','e3d1788204e2c2ac5ef0d1fee153aba853ce055d','ssmitham@example.com',64,'ofranecki','Lila'),(73,'https://i.stack.imgur.com/YaL3s.jpg','fac8672bdbeec7d42b330ebec5dac878ccd3ec5d','myles.purdy@example.net',74,'dhirthe','Susan'),(74,'https://i.stack.imgur.com/YaL3s.jpg','758675ec9013d70c9068bc67b0009255aec7303e','theron.blick@example.com',71,'hortiz','Freda'),(75,'https://i.stack.imgur.com/YaL3s.jpg','917df224b92e64b5a3c82d28fd825bf4f7b79c62','zgreen@example.org',74,'frami.francis','Pat'),(76,'https://i.stack.imgur.com/YaL3s.jpg','6649286cb7943b4bd98e7e3120fc079b2879d120','royce45@example.net',70,'wyman.nathanael','Hellen'),(77,'https://i.stack.imgur.com/YaL3s.jpg','8e4caa20543eb38da258b1e7cb579cbd142b5640','towne.dillon@example.net',68,'sadie75','Salma'),(78,'https://i.stack.imgur.com/YaL3s.jpg','fddedbdfc3a33dc036966959921508ebec03de17','shawn40@example.com',64,'upton.johnson','Felicia'),(79,'https://i.stack.imgur.com/YaL3s.jpg','5e8b77965901400e6f7395fcb6623bd05adde490','wraynor@example.com',62,'gyundt','Zita'),(80,'https://i.stack.imgur.com/YaL3s.jpg','cae389cfc2d9569129b9481ee124826ff5d0da62','west.dena@example.com',65,'crooks.providenci','Lauretta'),(81,'https://i.stack.imgur.com/YaL3s.jpg','d9b9d79ca8bda50d02ad9e9fe0fc62476b2b4ed5','pasquale34@example.net',70,'agerhold','Evie'),(82,'https://i.stack.imgur.com/YaL3s.jpg','60fe9afc36f4a800630232adb0d2e23487aa075d','larson.george@example.com',59,'luis.wiza','Thelma'),(83,'https://i.stack.imgur.com/YaL3s.jpg','f7e0e882162d59099084c430b37cb81231c068de','john19@example.org',62,'asia77','Judy'),(84,'https://i.stack.imgur.com/YaL3s.jpg','9860fd5bedde155ef95dd4991fcab0ef3178d597','ibednar@example.com',74,'davion.weber','Jaquelin'),(85,'https://i.stack.imgur.com/YaL3s.jpg','3c4101710cbc0e964ebc5b8dc62bbef870f99b1f','portiz@example.com',73,'mayer.walter','Theresa'),(86,'https://i.stack.imgur.com/YaL3s.jpg','2ba58899e887f87d3942736c50b9d2116a126d54','hintz.reginald@example.org',61,'daren86','Johanna'),(87,'https://i.stack.imgur.com/YaL3s.jpg','bb0742d0a834cd9f4cabe0c690d9f7d0859047ab','ilynch@example.org',69,'keshawn21','Hailee'),(88,'https://i.stack.imgur.com/YaL3s.jpg','b5348569804b8d399e2e3047f47f81c84ebbe5bb','kory.hahn@example.org',72,'estrella21','Danielle'),(89,'https://i.stack.imgur.com/YaL3s.jpg','a295cb42b5b35b7b12f4d3a94846f3d054c5d039','arnaldo.schamberger@example.com',75,'stoltenberg.marquis','Dina'),(90,'https://i.stack.imgur.com/YaL3s.jpg','e75438c56bbcefdb9e688f306d000dd9318f3f45','tromp.ollie@example.net',59,'kertzmann.columbus','Clemmie'),(91,'https://i.stack.imgur.com/YaL3s.jpg','184ef8776927ed7e8f7fdb38ec6ddf16025b1b35','arturo.witting@example.org',68,'schultz.lillian','Jordane'),(92,'https://i.stack.imgur.com/YaL3s.jpg','be50283d28537e6a9fce75753b6d1ef245fddb22','breana.cartwright@example.net',70,'amohr','Aisha'),(93,'https://i.stack.imgur.com/YaL3s.jpg','2a941ecfaf841bc57b87e30989b37e260aaab404','amely.boyle@example.com',61,'niko40','Skyla'),(94,'https://i.stack.imgur.com/YaL3s.jpg','0f2cf1a20a253d6344b4d26f7f9f1a1b3248592a','mmraz@example.org',70,'deborah56','Bessie'),(95,'https://i.stack.imgur.com/YaL3s.jpg','1cc954864efc50ed9e7679b07b91613d4c38c6d4','henry73@example.net',63,'hadley.abernathy','Lilyan'),(96,'https://i.stack.imgur.com/YaL3s.jpg','5016f0a48df2c31436957ee642ec406853ea8486','gbahringer@example.org',70,'jeanne50','Ashtyn'),(97,'https://i.stack.imgur.com/YaL3s.jpg','98d19f397fdbf0ef01ded4220636b4cd951e93a5','morar.rebekah@example.com',62,'smitham.arvid','Dena'),(98,'https://i.stack.imgur.com/YaL3s.jpg','a801de46a7c0b17c1ed8dd088ceeccaeaa89557f','little.felton@example.com',59,'rwalker','Imogene'),(99,'https://i.stack.imgur.com/YaL3s.jpg','6817e279a1b84ad85389be715859f57d9f29b97a','reece.mckenzie@example.net',64,'greenholt.polly','Laney'),(100,'https://i.stack.imgur.com/YaL3s.jpg','019fcd3d9af09f5fe4f8af609c6e7a6858abb269','santos61@example.net',72,'pmaggio','Chanelle'),(101,'https://i.stack.imgur.com/YaL3s.jpg','7b4f917f9216dfd14ca4c2845135e0d31c794fe0','nola.o\'conner@example.com',70,'macie.crona','Lyda'),(102,'https://i.stack.imgur.com/YaL3s.jpg','138ae0fe033f30e9a9c60c48fe3d637f427bc3a2','khoppe@example.org',63,'cbayer','Dina'),(103,'https://i.stack.imgur.com/YaL3s.jpg','fbbe7cd0327cb5dab34103c65fbc5efd39bfc7c9','bdaniel@example.org',63,'josiah67','Abbey'),(104,'https://i.stack.imgur.com/YaL3s.jpg','0a80f8eec9b394e45f234c682a41adb05b3b9ef5','kane.jaskolski@example.org',74,'noemie53','Oceane'),(105,'https://i.stack.imgur.com/YaL3s.jpg','313a0597df7e8c4b79ad6d009c71a724ce92360b','adan58@example.com',65,'enid89','Mabel'),(106,'https://i.stack.imgur.com/YaL3s.jpg','a1155aa9d26d245deab6ce61cbb9a20d5413066e','ptreutel@example.com',68,'arnaldo48','Ursula'),(107,'https://i.stack.imgur.com/YaL3s.jpg','7198dd3e9b4e75f3a4c57af0538e9461d834a10a','emclaughlin@example.net',60,'bogan.avery','Rebeca'),(108,'https://i.stack.imgur.com/YaL3s.jpg','f2db984689d9807d8390a30320f60d6ca12e01e4','sallie.moen@example.net',61,'xglover','Ebony'),(109,'https://i.stack.imgur.com/YaL3s.jpg','237c7389c89340173d2f5934dd31551562c86677','vonrueden.raheem@example.com',61,'deven.skiles','Tamara'),(110,'https://i.stack.imgur.com/YaL3s.jpg','180e980bbc9c66c4bb32f181b02af7b6f5193c5c','jazmin.yundt@example.com',73,'josue49','Daija'),(111,'https://i.stack.imgur.com/YaL3s.jpg','a19ce9650ac11cc974745aadd4fa4ce6464d08d4','nienow.cole@example.org',65,'pgraham','Ernestine'),(112,'https://i.stack.imgur.com/YaL3s.jpg','26f66878df7b004ee528928ebc55ec63be4cf280','yhoeger@example.net',64,'zdouglas','Meaghan'),(113,'https://i.stack.imgur.com/YaL3s.jpg','e4031c985e6ee21ab27b46fe37e43baf06158a52','carleton29@example.net',59,'roman.ullrich','Oleta'),(114,'https://i.stack.imgur.com/YaL3s.jpg','4de8d00393f437466f9a76a4ad61a7e256ecf14e','kuphal.sonny@example.org',73,'chelsey.emard','Shanie'),(115,'https://i.stack.imgur.com/YaL3s.jpg','a9bd160602fa837b4decfdbcd10073e57fe78782','eusebio17@example.com',64,'williamson.marie','Kaylee'),(116,'https://i.stack.imgur.com/YaL3s.jpg','82bba38f82789857ba7f28fa7150fe9d26ff69bb','demarcus39@example.com',74,'tlang','Augusta'),(117,'https://i.stack.imgur.com/YaL3s.jpg','dcc6ae47ad0b6bb84c4ad24caf4aa68066fe603d','khartmann@example.net',66,'graham.marianna','Aditya'),(118,'https://i.stack.imgur.com/YaL3s.jpg','0edad76c15bfdd97750ae1f5b611aba8542bf32b','leuschke.rex@example.net',60,'kian.shanahan','Trudie'),(119,'https://i.stack.imgur.com/YaL3s.jpg','b5f672d501c4fbb3ba026aa023738b9a731f3b56','umayert@example.org',59,'kuhn.orie','Rachelle'),(120,'https://i.stack.imgur.com/YaL3s.jpg','2958361d665cde68aa366ded2c3523e7c1738abd','emoen@example.com',72,'parker.rosalind','Margarette'),(121,'https://i.stack.imgur.com/YaL3s.jpg','154c89b6f3d18836962c148c3cd153b1cbb5c790','billy.auer@example.net',73,'otha.stroman','Micaela'),(122,'https://i.stack.imgur.com/YaL3s.jpg','3f16705fc7d5ab6c57190c01979515a7af05a671','connor.boyle@example.com',75,'wendy.dietrich','Marion'),(123,'https://i.stack.imgur.com/YaL3s.jpg','717afad50c64f7318855165fdfa311ea38ad9e1d','elbert.franecki@example.com',73,'qferry','Anne'),(124,'https://i.stack.imgur.com/YaL3s.jpg','8aa8dd095321dce4f70d1a2f5d56ca32a0eacf50','myah44@example.net',71,'eloise89','Erica'),(125,'https://i.stack.imgur.com/YaL3s.jpg','537a5b78746a7da78617476821f2d0af226216c4','dean.collins@example.com',62,'urban39','Idella'),(126,'https://i.stack.imgur.com/YaL3s.jpg','7290279b8f2da0404f7076ea4f0625ed117a2431','roob.ardella@example.com',71,'fwolff','Kayli'),(127,'https://i.stack.imgur.com/YaL3s.jpg','3a21184c9ae54d31f31dcfb4066b5789c5d31103','dickinson.danyka@example.org',59,'mckenzie.branson','Shyanne'),(128,'https://i.stack.imgur.com/YaL3s.jpg','efc7a0ffae4524589158b4f277e2259c72056400','geoffrey25@example.com',60,'dcollins','Mary'),(129,'https://i.stack.imgur.com/YaL3s.jpg','8ede018b019398f4051ff2c87f208ad706681876','henriette.hayes@example.com',60,'stracke.theodora','Hope'),(130,'https://i.stack.imgur.com/YaL3s.jpg','5ec3bdc4628f443999e1cdb67b455910c7cb92d9','rbotsford@example.org',68,'alvah93','Leila'),(131,'https://i.stack.imgur.com/YaL3s.jpg','453acb99194c1f076cc53de8216cc7050ad7173f','erna81@example.org',74,'ebeatty','Stephany'),(132,'https://i.stack.imgur.com/YaL3s.jpg','49f99221d7b080871b2e9c003b12baeaf4401bf9','frederique.rosenbaum@example.com',75,'schmidt.genevieve','Elisabeth'),(133,'https://i.stack.imgur.com/YaL3s.jpg','eda7d7b39d704c1a147305e06156269305ef78b7','kferry@example.org',62,'dpadberg','Alice'),(134,'https://i.stack.imgur.com/YaL3s.jpg','231604dd2094333dfc70296edd6c408dc42a3d61','nhills@example.net',65,'otorphy','Candace'),(135,'https://i.stack.imgur.com/YaL3s.jpg','9e8de65420b97107d74106f8afd19792f3f2d8b5','vkohler@example.org',68,'nicolas.jeramy','Marguerite'),(136,'https://i.stack.imgur.com/YaL3s.jpg','0260c1401281a450d43aac8a53ff4ef5e25c4b72','beier.hans@example.com',66,'eugene48','Carolyn'),(137,'https://i.stack.imgur.com/YaL3s.jpg','826e857e1680286fb0bf7edaa00755fe4f8e13eb','wmetz@example.com',59,'ratke.buster','Frieda'),(138,'https://i.stack.imgur.com/YaL3s.jpg','2b9c98372465c2093aa6f492def4e3dff13fbd9b','rowe.rowena@example.net',72,'elouise45','Clemmie'),(139,'https://i.stack.imgur.com/YaL3s.jpg','68feba511c141ed569315cff602200b2b591997b','syost@example.net',62,'pjerde','Isobel'),(140,'https://i.stack.imgur.com/YaL3s.jpg','6ca249fd579915936ca55845d75392e79993204d','o\'reilly.elmo@example.org',60,'sofia27','Wilma'),(141,'https://i.stack.imgur.com/YaL3s.jpg','38073289462829849274ff75f9a14f578c4ea0ef','parisian.reymundo@example.org',70,'klein.chris','Raphaelle'),(142,'https://i.stack.imgur.com/YaL3s.jpg','4f88327a00dd61432acaf3bc543d4c2a3cb2e37c','kuhlman.karine@example.net',72,'bethel76','Carmela'),(143,'https://i.stack.imgur.com/YaL3s.jpg','5931e2e5cd463f0d46be33cf3ff73635b6665282','terry.edna@example.net',64,'kbreitenberg','Bridgette'),(144,'https://i.stack.imgur.com/YaL3s.jpg','4173dedce668578179e86ec3ae7b179af7b7fda7','nikolas00@example.com',63,'michele.littel','Skyla'),(145,'https://i.stack.imgur.com/YaL3s.jpg','f478f9823ca695666e9e34020a046f0cf9073f17','klein.evelyn@example.com',60,'hanna.prosacco','Kristin'),(146,'https://i.stack.imgur.com/YaL3s.jpg','b914dc3342bed9f0f07cd6b79ec8c9fcd4bce75a','haylie.king@example.net',71,'wkonopelski','Claudia'),(147,'https://i.stack.imgur.com/YaL3s.jpg','0809bc0ac0ac0268a45e910b8a2434518a3380b9','vandervort.lilla@example.org',63,'cyril36','Peggie'),(148,'https://i.stack.imgur.com/YaL3s.jpg','0bd6f7eecc567d28d246b3f529889f85ac8e2efc','crist.bryon@example.net',67,'leopold95','Jaida'),(149,'https://i.stack.imgur.com/YaL3s.jpg','13edb77148bf134ca494960f069dcc634eb3b645','emanuel63@example.com',73,'owatsica','Leanne'),(150,'https://i.stack.imgur.com/YaL3s.jpg','c0559564d505d9e8fffff0af18c4665294ae6e26','buckridge.michel@example.org',73,'tweissnat','Jakayla'),(151,'https://i.stack.imgur.com/YaL3s.jpg','be51f56d4c030421a30ad8239251f18ff84c60c2','alize.stracke@example.com',62,'bradtke.monte','Winifred'),(152,'https://i.stack.imgur.com/YaL3s.jpg','478d846d9be7ccaff36c51fbd4868e978bbfd777','mfisher@example.org',74,'gavin.bashirian','Clare'),(153,'https://i.stack.imgur.com/YaL3s.jpg','4431bf7ba700054e8f450d4d713235b4d5806ca3','xbarton@example.net',67,'veum.lolita','Ettie'),(154,'https://i.stack.imgur.com/YaL3s.jpg','7e447d2e9afeb7f28cde6547023eaf769d22d138','monahan.edwin@example.org',72,'rhiannon.hammes','Fabiola'),(155,'https://i.stack.imgur.com/YaL3s.jpg','d7b336fca827bdfaeb5dcd40581d8c07b622c5fa','kendra58@example.org',73,'paige.corwin','Edna'),(156,'https://i.stack.imgur.com/YaL3s.jpg','eba4f4aee63324d9ca4398676c5b37df65797e39','hintz.jabari@example.org',62,'marjory59','Pauline'),(157,'https://i.stack.imgur.com/YaL3s.jpg','1264bf3c01eb61ddbb98ab7ffac6b0b720f3c948','mclaughlin.nyah@example.net',59,'lydia.mueller','Enola'),(158,'https://i.stack.imgur.com/YaL3s.jpg','8863d340cdfbf82c9811589b45653eabc06c76b9','richmond40@example.net',70,'edyth92','Sister'),(159,'https://i.stack.imgur.com/YaL3s.jpg','16b89a30c13e3defa758b8b1108e71816441be07','muriel.stanton@example.net',64,'kendall64','Mertie'),(160,'https://i.stack.imgur.com/YaL3s.jpg','bd36b9fd2fe9634e1b2abdc3cfa577273d2e02d4','will.harris@example.net',67,'sydnee39','Adelle'),(161,'https://i.stack.imgur.com/YaL3s.jpg','14e510b39a18f172571ce076fbef06590f2eb37e','braun.adalberto@example.org',60,'mayert.marcelina','Mercedes'),(162,'https://i.stack.imgur.com/YaL3s.jpg','4ad4751aa60b33e8835ce7effbfb7ceceff63820','immanuel87@example.org',74,'grace.daugherty','Verna'),(163,'https://i.stack.imgur.com/YaL3s.jpg','fca9c45c77820bbf82d2bc92454252278434d0cb','gottlieb.rosalee@example.com',64,'stracke.leola','Kristy'),(164,'https://i.stack.imgur.com/YaL3s.jpg','55a65ef3ed620be395d0a782014d5550c375e7c5','wendy96@example.com',73,'alek.haag','Annetta'),(165,'https://i.stack.imgur.com/YaL3s.jpg','35a07a7e155299d337e6a6a4fbb20b8340b187f6','jamarcus.dibbert@example.org',62,'tfunk','Aniyah'),(166,'https://i.stack.imgur.com/YaL3s.jpg','3d355d032a746c2b2fe96908ffb5aa882360b0a0','estark@example.net',60,'linnea52','Keira'),(167,'https://i.stack.imgur.com/YaL3s.jpg','1f67b4b6e589dbcaa60fa22765e4828e0c6ec41e','gsauer@example.com',69,'qturner','Sibyl'),(168,'https://i.stack.imgur.com/YaL3s.jpg','e17ec7749b0462c2adbb77d33ce76c070b224378','mayert.carlie@example.org',66,'owen91','Mariam'),(169,'https://i.stack.imgur.com/YaL3s.jpg','df5488e7b8a1e9402a4b64c695ce8a206fd12c39','hazel.christiansen@example.com',69,'powlowski.fabian','Georgette'),(170,'https://i.stack.imgur.com/YaL3s.jpg','99e7fc84270f5088484c1c6f4a235b3bb9cc4536','fadel.louvenia@example.org',61,'chase60','Veronica'),(171,'https://i.stack.imgur.com/YaL3s.jpg','cea4fc8c74651556763c5fdaf578892487a5a318','brigitte55@example.com',61,'vdoyle','Augustine'),(172,'https://i.stack.imgur.com/YaL3s.jpg','6662e8c288fa1e461c374889ef748fa18313c2fb','acole@example.net',68,'bgerlach','Nettie'),(173,'https://i.stack.imgur.com/YaL3s.jpg','fe9dd54ca7f17abd5940b05f89bdda876a17612e','maxwell.kulas@example.org',62,'quinton84','Brooke'),(174,'https://i.stack.imgur.com/YaL3s.jpg','44bc22ae26f3f80f2d62e73fe43cb9cdc2a06289','o\'conner.joanne@example.net',73,'miller57','Keara'),(175,'https://i.stack.imgur.com/YaL3s.jpg','6822070a3e7e6fbc2e913817813eecd167d0cc81','johnston.ashlynn@example.com',71,'palma46','Delta'),(176,'https://i.stack.imgur.com/YaL3s.jpg','aad4750680f7898bbbaf30effa70a8fe6efba29f','cordia34@example.net',74,'herminia.rowe','Lenna'),(177,'https://i.stack.imgur.com/YaL3s.jpg','0ed42b6c283cf98f21752818fde86578d0ab39b3','bahringer.elmo@example.com',66,'gilberto58','Hanna'),(178,'https://i.stack.imgur.com/YaL3s.jpg','2fdc96cb392fa1de82805069682fec57e39c19da','greenfelder.kaden@example.net',63,'celine.welch','Roselyn'),(179,'https://i.stack.imgur.com/YaL3s.jpg','f09b9540399768da63a06cd6d5ee13a1cc314685','dbeier@example.org',61,'hessel.horace','Beth'),(180,'https://i.stack.imgur.com/YaL3s.jpg','20d3b95aecd026045e24e14d962191ec5ec8989b','clement33@example.org',69,'retha.franecki','Cathrine'),(181,'https://i.stack.imgur.com/YaL3s.jpg','49c93da1d3bc46c1d610cbe63b371189f586ab93','bgreenholt@example.com',59,'mona83','Sarai'),(182,'https://i.stack.imgur.com/YaL3s.jpg','6dbbc51b66648934803ef06ecf47844ac8f60341','oscar46@example.com',63,'britney.mosciski','Susana'),(183,'https://i.stack.imgur.com/YaL3s.jpg','2ebc0f05dac74a6ba26e7e974338b273aa1213c9','breana.crona@example.com',67,'golda.bosco','Meda'),(184,'https://i.stack.imgur.com/YaL3s.jpg','d3037a3c020d2a1758d43b419259207afdcc2a4a','samson.koss@example.com',71,'ozboncak','Josianne'),(185,'https://i.stack.imgur.com/YaL3s.jpg','322a04158b1ef76b7445069e5de903cba104b627','lindsay22@example.org',75,'lstreich','Lilly'),(186,'https://i.stack.imgur.com/YaL3s.jpg','876f2f4103353c094ed47d92d4c485475c2f70a2','emerald.brekke@example.org',66,'jayme75','Evie'),(187,'https://i.stack.imgur.com/YaL3s.jpg','7027f73b32f2df3edd35fcc32cd0dede6f261584','deon.haley@example.net',61,'maya.swaniawski','Meda'),(188,'https://i.stack.imgur.com/YaL3s.jpg','3f7d92ec7e0df391b46502c26dbed8f64892b439','kuvalis.ardith@example.com',61,'alexandre36','Mallie'),(189,'https://i.stack.imgur.com/YaL3s.jpg','7086b8fc06e302b33a70ba5b7948c3f972921921','clara01@example.com',64,'schoen.kyla','Katarina'),(190,'https://i.stack.imgur.com/YaL3s.jpg','499d5f1f51a93f1ff3b6379b0213e50511873e4c','johnson10@example.com',65,'zeichmann','Hope'),(191,'https://i.stack.imgur.com/YaL3s.jpg','9c40c81fd281ebf15fff77369bc8b2c82ba1bcb6','hansen.aniya@example.net',63,'diamond89','Asha'),(192,'https://i.stack.imgur.com/YaL3s.jpg','bfd4acd30d2a3aecd1e8e53de9b99b2e40e018e8','vborer@example.org',60,'xcollier','Abagail'),(193,'https://i.stack.imgur.com/YaL3s.jpg','287016dc81fb539b3978fa1202a8d0603c0e9ade','renner.kenya@example.com',69,'pollich.mallie','Valentina'),(194,'https://i.stack.imgur.com/YaL3s.jpg','5c6d0aed935e084415ea2667973468901955cd9b','twiza@example.org',75,'daniela.hammes','Otilia'),(195,'https://i.stack.imgur.com/YaL3s.jpg','6a9bbc93d5877411d22b6cb79b2f5c8077689e7f','kgleason@example.org',66,'fsanford','Kenya'),(196,'https://i.stack.imgur.com/YaL3s.jpg','c6bd32cd81c1126a9b818b241016f7e227d73ba9','fredrick87@example.com',67,'ashlynn18','Verlie'),(197,'https://i.stack.imgur.com/YaL3s.jpg','9b9de806083156361c25b360f9293740d303300f','lenna59@example.org',71,'reva49','Queenie'),(198,'https://i.stack.imgur.com/YaL3s.jpg','70db871c220b3a6d1e2dcb7b63474bbeb845c565','nia.brown@example.org',67,'king.maye','Josefina'),(199,'https://i.stack.imgur.com/YaL3s.jpg','a624420ad8b14626f769d5a6b4adecc404ff8b03','hkautzer@example.com',60,'vivian11','Amaya'),(200,'https://i.stack.imgur.com/YaL3s.jpg','681ba6627c9d1c8eb9c0151116517776acb89cd8','briana90@example.net',68,'lowe.carter','Amber');

INSERT INTO `Cree` VALUES (8,28),(9,2),(135,31),(41,40),(94,48),(15,5),(63,33),(198,13),(6,12),(165,24),(181,14),(169,4),(122,46),(3,26),(75,19),(172,25),(8,37),(4,34),(57,6),(42,39),(131,18),(111,45),(13,38),(87,27),(161,47),(19,16),(178,35),(29,30),(138,3),(129,7),(87,32),(87,8),(69,22),(6,15),(11,10),(84,1),(108,21),(184,11),(82,36),(56,20),(18,17),(130,43),(26,44),(101,23),(153,41),(150,42),(188,29),(8,9), (88, 49), (11, 50), (22, 51), (175, 52), (33, 53), (46, 54), (163, 55), (102, 56), (103, 57),  (105, 58), (106, 59), (107, 60), (108, 61), (109, 62), (111, 63), (112, 64), (113, 65), (114, 66), (115, 67), (116, 68), (117, 69), (118, 70), (119, 71), (120, 72), (121, 73), (122, 74), (123, 75), (124, 76), (125, 77), (126, 78), (127, 79), (128, 80), (129, 81), (130, 82), (131, 83), (132, 84), (133, 85), (134, 86), (135, 87), (136, 88), (137, 89), (138, 90), (139, 91), (140, 92), (141, 93), (142, 94), (143, 95), (144, 96), (145, 97), (146, 98), (147, 99), (148, 100);

INSERT INTO `Commentaire` VALUES (1,'Qui culpa ut ab ut. Corrupti ut impedit sit.',68,52),(2,'Dolore aut at quam quibusdam.',41,80),(3,'Aliquid et sit ut. Possimus non enim assumenda quia.',47,5),(4,'Quam et nam maiores ex. Et ex voluptatem qui vel.',105,93),(5,'Est porro asperiores rerum aut.',166,83),(6,'Assumenda eum rerum maiores.',50,1),(7,'Molestias possimus et accusamus laboriosam.',3,21),(8,'Nisi voluptatem debitis placeat non.',123,54),(9,'Sint dolore magnam officia laborum eius.',72,62),(10,'Culpa maiores dicta cum at praesentium ad et.',123,32),(11,'Dignissimos qui rerum doloremque.',124,30),(12,'Sed ut consectetur nobis et. Dolore esse sunt sit est.',57,76),(13,'Quia ut soluta vitae debitis dolore.',91,30),(14,'Debitis commodi dolor quia minima.',61,99),(15,'Aut omnis similique ut.',66,89),(16,'Illo deleniti fugit reiciendis.',133,38),(17,'Alias eligendi asperiores vero aut quisquam at.',120,42),(18,'Officia rerum eveniet in assumenda minima officiis sit.',117,9),(19,'Enim aut rerum corporis quaerat illum sint.',25,11),(20,'Rem totam possimus illum deleniti.',79,51),(21,'Vel dignissimos quas ut quis. At et ut placeat quidem et.',75,18),(22,'Minus fuga cum magnam molestias est.',170,8),(23,'Dolore rerum dolorem consectetur enim.',46,61),(24,'Dolor debitis nostrum vel enim blanditiis.',69,33),(25,'Sunt excepturi vel sed mollitia quos nam.',28,18),(26,'Et et velit dolorem qui aperiam qui voluptatem.',145,51),(27,'Est omnis tempore cupiditate tempore quo.',187,16),(28,'Neque voluptas eos iste aliquid soluta sed.',41,28),(29,'Dignissimos odit asperiores corporis eos harum.',133,95),(30,'Cumque qui qui beatae sunt possimus aut facilis.',193,22),(31,'Dolorem voluptas totam iure nulla voluptatum sint nihil.',153,37),(32,'Nisi illo et id.',74,12),(33,'Reiciendis qui qui accusantium aspernatur.',85,24),(34,'Laboriosam quibusdam et ut aut velit aspernatur.',43,10),(35,'Molestiae ex vel quas qui molestiae et enim et.',34,96),(36,'Alias est minima ut sunt consequatur illum neque.',45,79),(37,'Odio laboriosam quis accusamus doloremque quae corporis.',21,76),(38,'Debitis voluptatibus est assumenda eligendi sapiente sit.',18,23),(39,'Atque nisi necessitatibus nihil aperiam fugit non numquam.',90,37),(40,'Aperiam ea ullam quo alias voluptate.',125,6),(41,'Accusantium esse voluptatem vel aut possimus nisi et.',91,61),(42,'Modi quia et ea.',57,29),(43,'Libero nobis consequatur repellat.',197,41),(44,'Animi consequatur pariatur qui hic.',200,68),(45,'Quidem est eos unde ab inventore.',115,94),(46,'Est officia et tenetur numquam et temporibus.',122,36),(47,'Sed minus dignissimos ut ea debitis sunt.',56,38),(48,'Optio voluptates harum quae facere amet qui.',171,34),(49,'Nulla unde ipsum qui odit similique.',138,86),(50,'Hic eos quia nemo a dolorum quidem at.',141,100),(51,'Quia cupiditate dolore natus autem incidunt quos.',17,65),(52,'Doloribus error occaecati voluptate illo.',102,75),(53,'Nulla atque occaecati rem earum.',134,72),(54,'Ipsa laborum natus ipsam atque.',137,23),(55,'Omnis omnis aut ab minima at. Molestiae placeat hic autem.',53,73),(56,'Beatae a voluptatem quam sapiente voluptas.',158,24),(57,'Explicabo eos voluptatem ea voluptas ex ut.',163,27),(58,'Assumenda soluta ut beatae voluptatem vitae voluptas.',25,90),(59,'Tempora explicabo sit fuga optio.',105,64),(60,'Et dolor eum distinctio qui. Non optio debitis aut ipsum.',156,43),(61,'Voluptatem laboriosam necessitatibus veritatis numquam.',37,67),(62,'Voluptatibus laudantium molestiae eligendi porro ut.',93,98),(63,'Et exercitationem velit officiis quos.',150,9),(64,'Aspernatur explicabo non voluptatum suscipit ut ea.',36,59),(65,'Culpa soluta ea sed.',20,9),(66,'Eum aut vero ad aut minus voluptatem eos quasi.',190,57),(67,'Ducimus omnis expedita quasi accusamus eos cum et.',72,68),(68,'Dolore ut iste quia quod sed numquam ut iusto.',107,61),(69,'Ut amet rerum dignissimos tenetur est odio aliquam.',148,94),(70,'Numquam sed qui expedita dolores placeat animi.',3,49),(71,'Quibusdam velit sint rem omnis sunt explicabo et.',117,38),(72,'Eius eius aspernatur dolores ipsa qui.',45,61),(73,'Autem officia ut ut quaerat nihil.',2,97),(74,'Quas quis ut repellendus non minima et fugiat.',2,85),(75,'Deserunt eveniet quidem ipsam natus iste nostrum pariatur.',197,10),(76,'Eaque dolorem maiores qui ea quidem. Qui et ea itaque enim.',119,21),(77,'Voluptate id expedita vitae quia voluptas.',71,64),(78,'Aut esse possimus repellendus sint.',32,34),(79,'Aut odit doloremque molestiae provident qui ducimus.',196,7),(80,'Aliquid sunt deleniti alias.',9,57),(81,'Ipsam excepturi eum rem et est.',118,20),(82,'Ab qui nisi maiores perferendis. Hic hic dolorem vel.',103,32),(83,'Reiciendis odit laudantium assumenda tempore.',153,44),(84,'Iusto possimus minus perspiciatis tempore tempore.',111,11),(85,'Ipsa natus fugit aliquam quis sit ipsum tempore.',69,11),(86,'Tempora et quae quia odio quae earum est.',83,93),(87,'Quasi est in optio molestiae fugiat consequuntur ipsum.',66,98),(88,'Id veritatis et eum corrupti.',70,19),(89,'Qui qui excepturi vero in.',114,96),(90,'Et assumenda accusantium in molestias.',56,97),(91,'Eligendi ut quae nulla officiis officia quis ipsam rerum.',58,79),(92,'Et delectus adipisci quasi.',47,73),(93,'Ullam vero maiores iusto libero.',39,81),(94,'Quod possimus et minus rerum expedita.',182,1),(95,'Unde molestiae provident magnam.',140,39),(96,'Ipsum enim molestiae qui aperiam.',36,94),(97,'Distinctio aut at id tempore similique.',34,63),(98,'Earum omnis sed qui saepe eos.',119,53),(99,'Aut quaerat perferendis quae quasi deleniti fugit et.',192,63),(100,'Temporibus quia aperiam quaerat aut ratione quia a.',200,18),(101,'Distinctio voluptatem consequatur quia blanditiis.',107,55),(102,'Inventore nihil quisquam nihil.',165,90),(103,'Ut et voluptates aperiam ratione.',118,48),(104,'Animi porro qui atque fugit sed.',39,75),(105,'Voluptatibus reiciendis soluta voluptas ut.',58,61),(106,'Et enim sed rem aut.',127,24),(107,'Porro vel rem eius accusantium officiis.',189,64),(108,'Porro sapiente eligendi cumque quo incidunt.',125,35),(109,'Et provident similique dolores nam.',47,1),(110,'Reprehenderit sint illo ipsum. Earum et omnis rerum esse.',95,15),(111,'Ipsum deserunt iure voluptatem est.',130,87),(112,'Nobis autem omnis quam laborum quisquam et.',61,28),(113,'Consequuntur et dolor error perspiciatis quae.',103,21),(114,'Culpa ad ex molestiae.',20,35),(115,'Voluptatum quod ut dicta explicabo dolorum.',130,84),(116,'Reiciendis perspiciatis sequi occaecati dolorem.',27,65),(117,'Quae voluptatem ipsa quia maiores deserunt sequi id.',25,33),(118,'Quia voluptates sunt voluptas cumque recusandae.',141,94),(119,'Et sunt blanditiis eum.',137,13),(120,'Ipsum possimus placeat amet natus eum et totam eum.',99,90),(121,'Dolorem possimus et libero ea consequatur.',139,32),(122,'Laborum ut laborum excepturi iusto.',109,88),(123,'In quibusdam illum illo beatae non quasi quia.',30,100),(124,'Vel libero distinctio molestiae iusto.',60,30),(125,'Dolores ipsam id eos quo dolore fuga.',154,87),(126,'Aut quas fuga perferendis qui itaque iure.',194,33),(127,'Repellat quasi nemo non enim id ut aliquam.',109,3),(128,'Expedita nihil ad architecto deserunt.',139,33),(129,'Ipsum magnam praesentium sed aut in.',69,47),(130,'Soluta beatae omnis culpa eum quia. Aut accusamus sit sit.',162,44),(131,'Laudantium repellat beatae voluptas ipsam eum pariatur quo.',150,86),(132,'Voluptatum quos voluptas perferendis voluptatem sequi odio.',178,91),(133,'Quo ab autem et consectetur. Harum rerum eum optio beatae.',20,6),(134,'Eaque voluptate architecto omnis et nihil.',137,35),(135,'Earum repellendus commodi debitis veniam.',111,14),(136,'Excepturi vel unde et reprehenderit quia adipisci et ad.',26,16),(137,'Facilis eos suscipit quia voluptates ipsum odio qui.',139,25),(138,'Sit velit eaque molestiae et occaecati et saepe.',152,19),(139,'Magni omnis consequatur distinctio id.',14,17),(140,'Asperiores maxime aperiam qui sint quod omnis illo.',174,36),(141,'Autem minus assumenda provident odio itaque amet qui.',76,14),(142,'Expedita blanditiis et maxime et.',31,85),(143,'Sit doloremque ex velit voluptatum. Sed sint ad sint.',105,58),(144,'Consequatur sint qui cupiditate recusandae quisquam.',30,80),(145,'Amet et hic aperiam consectetur hic itaque.',134,6),(146,'Porro est vel modi omnis iusto.',3,17),(147,'Voluptate tenetur magni tempora vero accusamus esse.',155,26),(148,'Explicabo numquam culpa doloremque est debitis.',15,9),(149,'Eos ut dolorem ratione. Nostrum optio aut omnis libero.',58,37),(150,'Temporibus quia quidem quam illo voluptates ipsum id.',60,79),(151,'Iste nam qui ut sapiente.',105,38),(152,'Exercitationem libero illum modi ut soluta.',30,85),(153,'Aut saepe libero commodi repellat iusto atque magnam.',134,27),(154,'Omnis sequi nemo voluptate id.',101,50),(155,'Accusamus ea cupiditate ad autem.',137,75),(156,'Quod officiis id eius laborum sit ullam.',176,98),(157,'Reiciendis aliquid excepturi vel rerum eos quod dolor.',104,93),(158,'Velit culpa ab tenetur at fuga harum.',32,5),(159,'Recusandae quis quo quo et perspiciatis reiciendis omnis.',158,39),(160,'Est impedit voluptatem voluptates doloribus qui culpa.',165,46),(161,'Tempora omnis dignissimos illo quas.',176,41),(162,'Architecto laborum voluptate eos quo tenetur qui id.',15,16),(163,'Autem et possimus aperiam iure voluptas.',111,43),(164,'Velit cupiditate voluptatum sapiente.',22,55),(165,'Ut eligendi adipisci et ipsam aut praesentium voluptatem.',191,15),(166,'Possimus aut aliquam quasi suscipit quam est minus.',84,100),(167,'Est sed quaerat ut debitis.',77,86),(168,'Ipsa enim vitae corporis animi deserunt et est.',136,10),(169,'Molestiae consequatur sed harum aliquid ipsa non.',32,81),(170,'Itaque qui nostrum aut rerum sed et nulla.',160,58),(171,'Sit ullam sint ut odio.',182,28),(172,'Dignissimos vel fuga non quo vitae quia.',186,55),(173,'Ipsam est voluptatum doloribus ratione.',130,71),(174,'Deleniti quo ut exercitationem.',171,33),(175,'At illo velit iste fugit quis sint sed.',83,52),(176,'Repellendus nam similique omnis et possimus.',42,21),(177,'Numquam sit at omnis itaque. Beatae qui voluptatem dolorum.',70,95),(178,'In asperiores alias occaecati nihil omnis ab.',97,5),(179,'Laudantium nemo perferendis aut eos dolores.',140,30),(180,'Temporibus sit doloribus possimus odio dolores.',67,69),(181,'Aut et at est cupiditate eum.',8,58),(182,'Suscipit accusamus numquam animi fuga et omnis animi.',188,45),(183,'Dolorem sit fugit eos veniam.',68,31),(184,'Est ratione et tempore eveniet iusto qui dolores iure.',84,64),(185,'Ipsam et id animi laboriosam.',11,67),(186,'Nobis et quibusdam quis pariatur.',83,22),(187,'Voluptates ea adipisci nostrum impedit.',101,81),(188,'Nisi voluptatem corrupti dignissimos a. Et est quia vel.',42,45),(189,'Doloremque laborum assumenda sed accusantium ut ut.',66,77),(190,'Minima et qui ex non voluptatem alias.',118,72),(191,'Minus deleniti in ipsa similique.',122,12),(192,'Beatae illo ut qui omnis voluptatem.',91,2),(193,'Sunt quis possimus error commodi voluptate quis.',15,100),(194,'Dolore in quo repellendus et numquam quia.',170,51),(195,'Ut dolores voluptates aut. Et iure nostrum dignissimos aut.',42,81),(196,'Quasi beatae delectus porro quo et et natus.',107,59),(197,'Laudantium nulla assumenda tempora possimus aut dicta.',23,39),(198,'Sit molestiae maxime eveniet officiis.',32,58),(199,'Non eaque aut aut at voluptas aut debitis.',131,72),(200,'Libero numquam quasi quo voluptatem distinctio.',5,24),(201,'Eos aspernatur unde omnis sequi officia tenetur.',161,73),(202,'Tenetur et a nesciunt dolorum qui ducimus.',192,71),(203,'Sit iste a quae nostrum voluptatem.',77,34),(204,'Magnam adipisci deleniti dolorum sapiente.',40,26),(205,'Ut amet optio occaecati officia quas aut eligendi illo.',5,28),(206,'Voluptates fugiat non nihil.',114,87),(207,'Rerum hic provident dolorem.',12,88),(208,'Ex totam aut voluptates libero iusto sunt ut ut.',31,80),(209,'Totam reprehenderit non sit.',2,51),(210,'Praesentium eos possimus quo qui esse.',3,54),(211,'Sequi id qui voluptas voluptates quas distinctio vel.',162,4),(212,'Et molestiae consequatur autem in eum consequatur.',58,16),(213,'Explicabo velit ad minus autem laboriosam blanditiis sint.',183,83),(214,'Atque at suscipit nam. Nihil dolores illum sint quam.',99,28),(215,'Aut officiis est nisi laudantium beatae inventore.',166,40),(216,'Magni rerum et eius ea voluptatem.',179,83),(217,'Architecto officia qui natus excepturi accusantium.',2,63),(218,'Provident illo consequatur eum debitis et quo.',31,59),(219,'Architecto et quidem eveniet facere.',10,100),(220,'Vel qui quia natus repudiandae qui quas.',195,13),(221,'Excepturi eum fugit aut dignissimos odit cum.',101,45),(222,'Nesciunt placeat error quia eius.',29,30),(223,'Aliquam id sed aut vero. Et iste quo soluta minima.',178,91),(224,'Voluptatibus maxime animi quod vitae.',54,34),(225,'Maxime similique dicta ut quos ex facere incidunt.',60,5),(226,'Ducimus laudantium vel nihil voluptatum tenetur.',132,35),(227,'Voluptas nobis ut perspiciatis officiis laudantium.',99,49),(228,'Nihil dolores adipisci eos tempore necessitatibus.',148,82),(229,'Officiis laborum ipsam consectetur.',178,64),(230,'Qui recusandae repellendus tempore.',171,24),(231,'Officia minima omnis qui esse aut ut ab nostrum.',123,96),(232,'Eos accusamus sed et deleniti illo aut.',43,73),(233,'Libero aspernatur ea necessitatibus voluptates et et nisi.',53,45),(234,'Voluptatibus ratione sint omnis doloribus et est.',123,25),(235,'Assumenda a repellendus et vel et dolorum saepe.',158,28),(236,'Est enim facilis voluptatem exercitationem est porro.',93,6),(237,'Blanditiis et soluta rerum sapiente error.',28,3),(238,'Tempore soluta rem quos reprehenderit id delectus dolore.',72,92),(239,'Neque in dolor provident iusto impedit et.',9,46),(240,'Aut voluptatem cumque odit laudantium odit sunt quos.',120,87),(241,'Voluptas vel dolorum modi necessitatibus rem.',191,67),(242,'Quia quia qui velit enim ad. Molestiae vel ab omnis.',141,25),(243,'Et ullam et nemo.',134,85),(244,'Repellendus occaecati velit earum cum ut.',166,76),(245,'Itaque quaerat sint possimus eius aut.',44,95),(246,'Eum autem consequatur et. Sit porro eius eveniet harum ab.',140,29),(247,'Et in repudiandae rerum.',100,28),(248,'Est dolores suscipit sed.',141,41),(249,'Corporis cum enim repellendus rerum dolores sapiente.',75,80),(250,'Reprehenderit maxime non qui iste minima nisi incidunt.',153,2),(251,'Repudiandae sunt vel quo tenetur vel unde.',107,49),(252,'Qui perspiciatis tempora qui accusantium qui dicta.',41,76),(253,'Ea ex id recusandae.',174,91),(254,'Corrupti quis quidem qui voluptates eius maiores.',137,55),(255,'Necessitatibus tempora non sit aut ratione.',154,99),(256,'Assumenda quis similique eum illo.',37,17),(257,'Et eos animi nemo consequuntur aut qui iste.',122,17),(258,'Cum commodi commodi sunt magni.',66,50),(259,'Accusantium minus itaque in autem vitae qui.',178,17),(260,'Rerum totam voluptatem ut aspernatur unde.',198,91),(261,'Cum nihil rerum ut magni iure.',54,37),(262,'Molestias ex mollitia aliquam rerum minima illo libero.',130,91),(263,'Quia adipisci repellat et blanditiis similique.',134,39),(264,'Velit ut libero aliquam culpa omnis dolor qui.',56,49),(265,'Vitae eos maxime quis omnis ratione facilis quia.',193,35),(266,'Laborum fugit id facilis dolor.',7,12),(267,'Ut voluptas hic iste.',88,13),(268,'Laboriosam non fuga deleniti quaerat sapiente.',134,82),(269,'Qui omnis similique vitae molestiae. Qui ea qui nulla aut.',192,28),(270,'Ex possimus eius debitis.',106,96),(271,'Perspiciatis sit cum in at fuga odit officiis.',54,77),(272,'Facere pariatur fugiat facere perferendis enim odit.',116,95),(273,'Quibusdam hic nostrum sed accusantium modi.',104,77),(274,'Ipsum consequuntur non quis est.',11,95),(275,'Iure quidem ut sapiente ratione.',69,60),(276,'Ut voluptas possimus earum nihil.',129,19),(277,'Enim sed rerum minus adipisci.',15,32),(278,'Voluptas vero tenetur eos iure officia nihil.',134,7),(279,'Error exercitationem delectus aut nihil.',197,86),(280,'Est veniam ullam placeat qui.',99,31),(281,'Et suscipit ea ad.',57,78),(282,'Numquam soluta qui accusamus est laborum iste.',157,3),(283,'Eos voluptatem aspernatur et tempora.',90,97),(284,'Debitis aut deleniti ipsum recusandae.',184,73),(285,'Earum sed iure architecto quisquam ut voluptas nostrum.',51,68),(286,'Accusantium expedita ullam animi vitae consequatur soluta.',137,51),(287,'Expedita quia sed omnis non.',148,97),(288,'Amet explicabo non omnis tempora cumque modi omnis.',194,52),(289,'Architecto iusto aut ad qui.',134,11),(290,'Molestias mollitia vel atque ex facere.',50,65),(291,'In dolorem odio eveniet quisquam aspernatur accusamus.',60,51),(292,'Excepturi enim ipsam et repellendus amet voluptatum.',136,52),(293,'Atque sint nam aliquid omnis velit aspernatur.',147,83),(294,'Sunt et cupiditate fugit cumque est repellendus animi.',174,33),(295,'Harum sapiente autem et quo ipsa alias voluptatem.',29,47),(296,'Praesentium est aut eum molestiae velit.',1,99),(297,'Quasi mollitia debitis et voluptatem in vitae.',169,95),(298,'Delectus fugit recusandae voluptas nisi.',104,29),(299,'Minima iste est provident cum non laboriosam.',6,52),(300,'Ipsam facilis recusandae impedit omnis illum.',147,8),(301,'Et ut suscipit ut reiciendis dolor adipisci nihil et.',189,22),(302,'Esse aut et non illo fugiat.',10,95),(303,'Autem sunt rerum sed voluptatem.',128,91),(304,'Alias iure magni est molestiae distinctio.',197,44),(305,'Est qui inventore dignissimos at dicta libero sit error.',94,63),(306,'Quas quos explicabo quos numquam in porro deleniti.',31,60),(307,'Officia qui libero ut pariatur tempora id eos veritatis.',36,25),(308,'Sed dolore quod explicabo placeat error et.',32,91),(309,'Numquam mollitia sit incidunt deserunt.',160,31),(310,'Qui rerum expedita neque saepe sint rem excepturi.',95,64),(311,'Et iure quia dolorem suscipit et laudantium.',195,55),(312,'Quae corporis quo aut sed odit.',57,55),(313,'Ex corporis unde veniam numquam numquam assumenda repellat.',62,23),(314,'Minima facilis alias ducimus odio id mollitia.',73,15),(315,'Voluptates accusamus et minima blanditiis corrupti in.',107,35),(316,'Dicta qui eaque consectetur dignissimos est est est.',96,2),(317,'Ea at ullam ad dignissimos. Ut reiciendis aut ut.',89,37),(318,'Repudiandae laboriosam ut rem tenetur et.',193,89),(319,'Voluptate voluptatem culpa dolore sit qui.',30,66),(320,'Sapiente aut qui dolorem quam quae quia aut.',43,81),(321,'Distinctio asperiores minus molestias praesentium.',64,38),(322,'Aut aut mollitia voluptates.',40,56),(323,'Velit qui vitae quae eaque consequuntur illo perferendis.',159,71),(324,'Beatae at ex inventore libero.',81,38),(325,'Consectetur a ut aliquid sunt sunt voluptatem non et.',6,90),(326,'Ad fugiat magnam est cum.',192,11),(327,'Enim natus voluptatem autem.',12,76),(328,'Asperiores sapiente et distinctio et.',94,37),(329,'Ut aut porro sint perferendis fugiat repellat.',5,98),(330,'Ipsa explicabo porro animi voluptas ea inventore.',52,46),(331,'Autem atque officia non quidem animi recusandae labore.',197,5),(332,'Repellat recusandae odit nisi.',3,63),(333,'Velit ullam dolor ut voluptas ea enim placeat.',93,92),(334,'Assumenda autem placeat hic voluptates nihil neque nihil.',36,33),(335,'Quod ut quo inventore illum.',58,53),(336,'Sint iste distinctio dolores modi totam voluptatum.',162,62),(337,'Placeat atque debitis ullam ut quis fugit recusandae.',28,11),(338,'Facilis dignissimos sint consequatur id eius.',99,80),(339,'Et debitis ut dolor eum veniam sit expedita.',73,37),(340,'Neque et nobis distinctio beatae magnam.',86,90),(341,'Dolorem qui ullam voluptas ullam eligendi illum.',88,67),(342,'Illum sit provident ipsum voluptas ab nihil.',176,66),(343,'Quisquam voluptates beatae qui.',88,9),(344,'Perferendis aut aut tempore et illo ut dolor.',77,94),(345,'Cum aut et iste omnis voluptatem veniam expedita.',43,38),(346,'Quia nisi ipsam perspiciatis aut quis libero laudantium.',134,87),(347,'In qui illo recusandae saepe commodi mollitia blanditiis.',153,91),(348,'Rerum facere harum voluptas et qui vitae.',146,95),(349,'Doloremque corporis molestias non earum voluptatum.',140,26),(350,'Praesentium quo temporibus repellat similique.',150,12),(351,'Eos quas iure ut ratione iusto quia. Culpa est et non sed.',131,18),(352,'Labore odio deserunt ab laudantium.',27,72),(353,'Quis quam voluptate et corporis.',169,57),(354,'Ut eligendi optio tempora totam nihil nemo.',13,73),(355,'Labore voluptatem est harum sapiente.',63,33),(356,'Sed voluptatem eveniet repellat quos.',6,29),(357,'Ut hic optio minima repellendus.',66,38),(358,'Alias in ipsa enim blanditiis sed sequi ut.',197,61),(359,'Fuga ea esse voluptates distinctio.',36,10),(360,'Magnam explicabo voluptas qui.',99,64),(361,'Reprehenderit ab non aliquid numquam eveniet.',184,31),(362,'Est ea minus et magni. Libero reiciendis ipsam omnis quas.',177,41),(363,'Culpa aliquid accusamus eaque.',86,73),(364,'Dolores at explicabo molestiae.',93,29),(365,'Aliquid facilis aut animi dolores numquam voluptatem quia.',11,77),(366,'Nihil quia inventore et perspiciatis id.',167,74),(367,'Pariatur inventore corrupti voluptatem voluptatibus.',99,95),(368,'Consequatur non a quis nulla quia voluptatem ipsum.',89,33),(369,'Sunt sapiente modi eius voluptatem. Enim et quas numquam.',122,10),(370,'Nulla voluptatem quia sint recusandae iusto autem est.',15,18),(371,'Fugit eius ut a numquam ut vel.',41,96),(372,'Voluptate animi ullam sed sunt qui neque.',4,48),(373,'Ea error voluptatem rem sint.',86,77),(374,'Consequatur sit nesciunt voluptas itaque.',195,4),(375,'Velit vero dolorem ratione iure ea voluptas repellat.',175,93),(376,'Consequuntur hic delectus explicabo corporis sit modi.',3,86),(377,'Est est nihil fugit eaque distinctio.',92,60),(378,'Deleniti saepe animi ipsum quibusdam rem qui.',1,99),(379,'Dolores est debitis explicabo provident nihil.',103,42),(380,'Saepe facilis repellat non sapiente eos.',142,92),(381,'Facere et corporis nisi porro illum aut sed.',83,71),(382,'Autem dolores modi voluptas esse nihil quibusdam.',49,51),(383,'Beatae omnis aliquam eum magnam.',61,3),(384,'Ipsa minus neque aut nihil.',195,64),(385,'Alias minima a placeat id voluptas.',200,62),(386,'Voluptatem ut sunt veniam autem temporibus error.',127,23),(387,'Accusamus ut beatae eius similique voluptatibus nobis.',128,11),(388,'Aut dolorum consequatur voluptates voluptates.',153,60),(389,'Iste exercitationem qui quia esse ducimus et.',142,22),(390,'Modi qui architecto fuga harum.',114,73),(391,'Ratione est velit sint accusamus.',35,11),(392,'Quia earum nam illo facere eaque.',28,13),(393,'Sint quia ut placeat ut perferendis.',131,91),(394,'Ex aut architecto molestiae cum.',179,9),(395,'Architecto unde quisquam minus. Quod est et vel qui.',33,59),(396,'Labore blanditiis omnis minima et.',63,82),(397,'Quia ipsum earum assumenda.',149,52),(398,'Sequi ullam est expedita.',128,16),(399,'Dolores rerum cumque culpa quae aliquam.',137,64),(400,'Omnis harum eum est soluta rem commodi ab.',10,36);

INSERT INTO `Reponse` VALUES (1,341,'Rerum accusantium maiores neque repellendus.',99),(2,383,'Unde ut aut consequatur. Et earum ullam veniam sit.',23),(3,59,'Ut quia autem voluptatem quisquam qui.',138),(4,223,'Doloremque porro qui quasi quaerat modi et.',179),(5,17,'Natus dolor aut unde quis eaque.',173),(6,81,'Ipsum debitis officiis et id. Qui et molestias minima.',189),(7,217,'Suscipit voluptatem repellat dignissimos perspiciatis unde.',182),(8,173,'Asperiores facilis velit molestias exercitationem et.',118),(9,8,'Odit dolorem consequatur et hic quam et debitis.',4),(10,218,'Illum tenetur dolores dolorem quia animi.',111),(11,110,'Corrupti eligendi fugit tenetur omnis.',75),(12,259,'Perferendis et modi et eos. Sit ut quis non iusto.',94),(13,338,'Necessitatibus ipsum quisquam similique aliquid.',135),(14,193,'Quos harum cumque dignissimos ut.',103),(15,212,'Voluptas sed et doloribus ex saepe quia doloribus.',142),(16,173,'Nostrum architecto omnis ut nihil culpa quos rerum.',129),(17,51,'Sunt error non esse totam commodi.',18),(18,153,'Quia voluptatum sed reprehenderit labore id doloremque.',111),(19,180,'Dolor deserunt est nemo corrupti et magni in.',152),(20,31,'Fugit fugiat quia excepturi placeat.',10),(21,140,'Voluptatem autem aut perferendis vel ut placeat.',88),(22,291,'Sed sed sit optio et et quas. Et eum odio qui eos.',116),(23,188,'Inventore incidunt sint est.',104),(24,229,'Provident consequuntur reprehenderit tenetur.',172),(25,156,'Est corporis pariatur et placeat illum voluptatem rerum.',113),(26,365,'Quam est quis est minima laboriosam ad sint.',6),(27,393,'Culpa beatae et optio debitis.',49),(28,200,'Nemo dolores aperiam saepe fugit corporis.',160),(29,359,'Consequatur ea ut omnis.',158),(30,128,'Consectetur velit dolores blanditiis quia.',112),(31,387,'Delectus ab dolorem qui error dolorem.',82),(32,365,'Ipsam possimus ratione nesciunt ut voluptatem voluptates.',197),(33,264,'Sed veniam rerum quis eum dolorem.',142),(34,203,'Quia deserunt voluptas expedita voluptatem.',141),(35,393,'Aperiam magnam quia esse reprehenderit eligendi.',32),(36,271,'Expedita repudiandae dolore aut tenetur dicta.',13),(37,362,'Rem eveniet rem qui temporibus.',52),(38,291,'Illo optio ipsum quam delectus fuga.',49),(39,65,'Ex non modi et aliquam ad. Enim et omnis rerum nemo.',86),(40,391,'A et tempora illum.',89),(41,270,'Reiciendis aut id facere illo soluta.',111),(42,188,'Earum recusandae voluptate eligendi velit praesentium.',176),(43,238,'Cumque nesciunt earum in sed dolores incidunt minima.',74),(44,38,'Iure sed blanditiis temporibus nisi sit.',152),(45,15,'Molestiae nemo debitis esse distinctio quis voluptatum.',88),(46,348,'Quia similique illum enim dolores eveniet.',197),(47,8,'Inventore minus voluptatum non blanditiis.',22),(48,61,'Nostrum dignissimos voluptas et porro.',136),(49,368,'Delectus soluta necessitatibus ipsum quaerat.',62),(50,133,'Qui alias quo et sapiente et.',199),(51,27,'Quo magnam vel id qui quia sunt consequatur.',25),(52,334,'Qui deserunt eum voluptatum dignissimos omnis voluptatem.',101),(53,228,'Blanditiis consequatur nam non in ullam dolores sit.',48),(54,330,'Accusantium deleniti ipsum temporibus harum et.',169),(55,2,'Et est voluptas est laborum atque dignissimos.',151),(56,169,'Culpa ad enim quidem omnis neque nobis voluptates.',196),(57,104,'Et dicta consectetur provident voluptatum voluptatem.',12),(58,310,'Voluptatem quia cupiditate maxime sequi.',198),(59,118,'Est maiores vitae voluptatum.',171),(60,117,'Quaerat recusandae ut qui quasi.',97),(61,12,'Et ut tempore et minima et explicabo ut.',14),(62,230,'Ex nostrum qui aut omnis sed sint necessitatibus aut.',68),(63,177,'Labore aut nostrum dolores nihil veritatis.',2),(64,227,'Deleniti ducimus dolores ullam laborum sed nulla fuga.',196),(65,205,'Qui iste veniam voluptatem laudantium laudantium.',129),(66,210,'A quasi eum beatae neque. Illum cum corrupti adipisci ad.',90),(67,393,'Est explicabo repudiandae nulla id error amet placeat.',87),(68,133,'Nam sed ex expedita aliquam quo et.',163),(69,9,'Ut officia facilis quo veniam. Sint quo cum sit qui est.',20),(70,383,'Deserunt animi qui numquam est maxime voluptatem.',71),(71,47,'Officia occaecati a non.',173),(72,319,'Ut minima et vitae quis iure et perferendis.',175),(73,87,'Illo voluptatum et minus non quis distinctio dolore.',13),(74,221,'Recusandae eos atque vel suscipit.',99),(75,400,'Voluptatem excepturi similique nihil est ut incidunt.',84),(76,189,'Molestias itaque libero laborum.',25),(77,275,'Vitae assumenda ut eligendi sed quis nostrum nulla.',13),(78,166,'Ut consequatur non ea in quae natus.',7),(79,44,'Voluptates facilis dolorem culpa quam.',145),(80,228,'Odio unde nam molestiae dolorum voluptatem ab.',54),(81,66,'Qui et ullam voluptas.',110),(82,7,'Eos omnis impedit ut eos facilis unde eos non.',30),(83,209,'Velit molestiae cupiditate dolorem sit sunt dicta.',72),(84,349,'Illo aut id maxime ut consequuntur.',99),(85,181,'Nihil et modi eos est et veniam nesciunt.',13),(86,185,'Iusto qui fugiat quasi omnis cumque suscipit est.',141),(87,382,'Impedit quisquam est deleniti.',189),(88,333,'Voluptas et accusamus et debitis.',52),(89,164,'Nihil deserunt ea quia ullam quia. Nihil cum voluptatum et.',35),(90,204,'Molestiae porro voluptatibus dolorem et sit a.',78),(91,291,'Quis molestiae quis suscipit.',6),(92,127,'In voluptatem quia dolore optio.',102),(93,25,'Voluptate voluptates nobis aliquam vel tempora.',171),(94,195,'Et molestiae omnis occaecati dolorum deleniti.',27),(95,154,'Modi optio illum voluptatem omnis veritatis.',77),(96,198,'Omnis aut et quo.',149),(97,67,'Iusto totam sunt sunt accusantium nemo nemo.',35),(98,311,'Repellat ea excepturi recusandae.',145),(99,116,'Corrupti eveniet quo ducimus autem odit non voluptas.',134),(100,338,'Quae odio aut eum quos.',2),(101,338,'Ipsam nobis nemo ratione adipisci odit explicabo.',33),(102,232,'A omnis laborum labore voluptatum sunt a occaecati.',37),(103,108,'Sit fuga possimus mollitia.',192),(104,233,'Natus minus minus magnam.',49),(105,133,'Dolores repellendus quo saepe omnis.',149),(106,27,'Voluptas voluptatem libero soluta tenetur et.',17),(107,323,'Quisquam libero deleniti quia unde et.',86),(108,374,'Eum sit cum voluptas assumenda hic cupiditate.',112),(109,170,'Quia porro voluptas aliquam in omnis animi facere.',37),(110,269,'Mollitia voluptas vel temporibus voluptatem est quia.',18),(111,157,'Repellendus et voluptas est recusandae odio accusantium.',174),(112,371,'Pariatur est consequatur ut sint.',61),(113,17,'Est ab distinctio fuga praesentium.',62),(114,10,'Sed architecto quas eveniet nesciunt.',164),(115,353,'Sit dolore sunt rerum ut a iusto.',42),(116,220,'Esse sit non beatae omnis.',140),(117,159,'Deserunt alias sed adipisci molestias ipsum.',29),(118,224,'Id rerum iure et ut sed amet modi. At sequi error labore.',55),(119,90,'Similique fugiat et hic officiis distinctio qui.',106),(120,197,'Possimus eos qui doloribus nostrum neque.',151),(121,239,'Rerum sed ut aut distinctio. Distinctio quis ut aut non et.',112),(122,89,'Eveniet totam iusto tenetur libero ratione.',179),(123,1,'Ad maxime impedit et totam sequi repellat ipsum.',99),(124,170,'In dolorem est culpa. Nobis veniam ea ut aut.',38),(125,44,'Facilis velit sit explicabo et.',197),(126,22,'Id ullam qui exercitationem.',177),(127,323,'Praesentium eos quod et qui cum.',66),(128,50,'Beatae ut in autem sit.',176),(129,286,'Rerum assumenda et totam repellat temporibus.',26),(130,235,'Omnis beatae dignissimos quis.',79),(131,355,'Nobis ad saepe temporibus id velit sed et.',134),(132,152,'Sed cum qui id qui non.',31),(133,72,'Eligendi ipsum architecto nam sint doloremque et.',75),(134,73,'Ut culpa nobis dolor non quis exercitationem.',13),(135,30,'Et maiores est reiciendis beatae error sint odit.',42),(136,213,'Fuga officia deserunt numquam laudantium.',157),(137,44,'Enim nobis explicabo ut omnis quibusdam itaque.',168),(138,374,'Neque minima et est voluptatibus ut.',112),(139,341,'Voluptatum itaque non nemo magnam aspernatur.',16),(140,208,'Fugiat sunt est esse asperiores.',198),(141,190,'Animi quaerat ipsam ut praesentium.',84),(142,314,'Aut maiores quibusdam doloribus modi.',81),(143,196,'Facilis necessitatibus fugit saepe.',172),(144,266,'Vel sed laborum est harum tenetur ab odit.',188),(145,80,'Numquam quae nihil id dolor in et.',35),(146,291,'Autem odio possimus veritatis.',44),(147,289,'Dolorem pariatur ducimus esse consequatur.',140),(148,148,'Sed est et sequi facere aut.',150),(149,352,'Eveniet aut rerum amet molestiae.',66),(150,30,'Repudiandae quae et sit repellat delectus earum.',51),(151,385,'Qui sunt beatae dicta ducimus ad.',126),(152,280,'Ut quod laborum assumenda fugit. Aliquam modi harum id.',196),(153,257,'Distinctio sit sunt aut illo omnis eum est aut.',125),(154,23,'Ex eum aspernatur sed quia ex et.',142),(155,8,'Fugit fugit sint omnis.',107),(156,144,'Omnis nam unde deserunt ad.',86),(157,50,'Doloremque sed reiciendis voluptas.',110),(158,334,'Natus praesentium voluptatem et iusto est.',157),(159,12,'Tenetur voluptatibus incidunt voluptatibus ut quo.',174),(160,117,'Quidem tenetur ut optio.',12),(161,290,'Incidunt quidem culpa numquam quia.',146),(162,57,'Assumenda officiis atque et.',26),(163,330,'Ut facilis esse aut quo sint et dolores.',143),(164,363,'Assumenda autem dolorem assumenda est nobis est.',70),(165,158,'Assumenda maiores enim et in.',92),(166,82,'Aut consectetur rerum et aperiam voluptatem.',89),(167,96,'Voluptas et voluptatem omnis occaecati.',195),(168,104,'Itaque sint reiciendis dolorem quia voluptatem temporibus.',181),(169,40,'Ea pariatur perferendis ratione quos sit.',53),(170,155,'Eos perspiciatis ipsa dolor laboriosam nobis et.',25),(171,151,'Pariatur non distinctio est illum voluptatem aut esse non.',103),(172,134,'Deleniti nihil labore odio. Illo id ut qui.',17),(173,397,'Et autem sed aliquam a dolore voluptatibus nihil.',61),(174,82,'Delectus unde sit et est iusto consequuntur.',181),(175,265,'Libero voluptatum iusto qui corporis.',179),(176,44,'Et dolores nostrum velit ratione ut cumque rem.',182),(177,393,'Debitis neque ratione atque possimus aut voluptate.',94),(178,1,'Sunt autem animi velit quam.',16),(179,100,'Rerum magnam quas accusamus totam enim ducimus ut.',41),(180,228,'Ex consequuntur eum reiciendis unde autem dignissimos.',99),(181,275,'Quos et maiores officiis nihil dolorum.',97),(182,107,'Qui corrupti eaque omnis dolorem vel.',92),(183,101,'Recusandae quis consequuntur repudiandae quidem omnis.',106),(184,195,'Ipsam ratione tempora autem earum fugiat quam est.',9),(185,162,'Et labore architecto nihil dolore.',161),(186,382,'Deserunt mollitia minus quis harum optio hic.',155),(187,146,'Dolorem dicta nobis ut similique sit.',67),(188,51,'Maiores in laborum aut ratione.',68),(189,221,'Quo labore itaque quia id. Nemo quam fugit beatae.',3),(190,54,'Et delectus aspernatur aliquam nam repellat et.',157),(191,62,'Sit cumque harum vel eos.',91),(192,268,'Inventore maiores hic provident asperiores eum.',109),(193,303,'Inventore tempora autem non sed quia omnis voluptate.',113),(194,14,'Occaecati iusto qui quis ea consectetur.',95),(195,323,'Repellendus eos veritatis perspiciatis molestiae.',118),(196,224,'Dolorum corrupti amet autem rerum accusantium harum.',170),(197,354,'Odio dolores est qui totam nihil et consectetur.',80),(198,348,'Laborum deserunt possimus porro velit recusandae.',158),(199,96,'Aliquid et facere qui voluptates quas.',26),(200,115,'Accusamus ut et vel dolor. Neque repudiandae ex ea ratione.',81),(201,250,'Non ut vel natus ad.',53),(202,55,'Animi qui sequi sint harum soluta magni quisquam.',194),(203,178,'Laudantium vero id dolor laudantium magni.',139),(204,232,'Deleniti qui veritatis aut in ullam aut.',159),(205,317,'Optio enim molestiae hic dignissimos sunt sed.',113),(206,153,'Fuga dolores in qui dolor et quasi modi.',195),(207,101,'Quae quos corrupti error non nulla nulla ipsam autem.',61),(208,85,'Aut illo quibusdam quis.',56),(209,109,'Sit ut incidunt ipsa et sunt fugiat illo iusto.',173),(210,361,'Esse non qui ratione et a impedit.',42),(211,93,'Nesciunt rerum quia ut iste. Aut unde est quia modi ex.',44),(212,53,'Ullam ex doloremque quam.',99),(213,79,'Consectetur qui repellat quia.',118),(214,13,'In enim neque et enim et.',54),(215,235,'Ducimus ducimus quo facere non ad maiores quia vero.',199),(216,181,'Neque qui numquam eos inventore libero veritatis.',16),(217,359,'Adipisci esse quis odio dolor dolorem.',19),(218,196,'Consequatur repudiandae quis est odio sunt libero repellat.',74),(219,145,'Maiores ut adipisci et. Et delectus suscipit iste et.',59),(220,19,'Repellendus ipsa et aliquam blanditiis ut rerum.',157),(221,44,'Quia qui explicabo officiis.',154),(222,116,'Non tempore distinctio non aut quas dolorum maiores.',180),(223,192,'Aut cupiditate distinctio velit ut rerum qui quis.',102),(224,35,'Velit quam unde dolore voluptas quisquam corrupti.',105),(225,77,'Et fugiat voluptatem sit cupiditate magni.',9),(226,388,'Maiores rerum possimus repellendus deserunt exercitationem.',27),(227,289,'Voluptate consequatur dignissimos sequi.',3),(228,192,'Fugit molestiae quo quia dolor.',116),(229,280,'Officia voluptatem minus quae sint dolores sit.',83),(230,337,'Dolorem consequuntur sint possimus tempora velit ut iure.',63),(231,274,'Veritatis mollitia nam ea quas.',58),(232,59,'Non est commodi architecto officiis ea error ea.',169),(233,101,'Expedita aliquid alias distinctio deserunt.',133),(234,389,'Ipsam cum sunt nulla est quia sit officiis.',189),(235,155,'Autem suscipit facere aut nulla illum fugit.',187),(236,311,'Amet voluptates rerum nesciunt ut omnis.',98),(237,324,'Ipsa consectetur et et neque id et.',174),(238,211,'Sunt non consequatur qui aperiam aliquid tempore.',140),(239,87,'Sit et voluptatibus cum minus omnis sit.',31),(240,152,'Ad culpa et autem consectetur.',58),(241,221,'Voluptatum non sit culpa optio at nihil.',164),(242,6,'Architecto commodi rem dolores aperiam.',98),(243,200,'Et ipsum iure quisquam rem eum et.',67),(244,385,'Iure et esse nesciunt quidem sequi quod.',146),(245,173,'Omnis et molestiae praesentium eligendi sed enim ullam.',105),(246,167,'Quis nihil sit dolorum aliquam.',93),(247,342,'Similique rem laborum assumenda suscipit.',27),(248,318,'Animi reiciendis sunt corporis sed dolorem qui totam.',27),(249,71,'Numquam corporis distinctio ut iure qui et quae.',163),(250,168,'Sit minima possimus sed necessitatibus aut.',7),(251,362,'Perferendis consequatur autem natus eaque laborum.',43),(252,305,'Impedit velit odit odio nam magni porro.',31),(253,125,'Aliquid sed dolorem ut blanditiis.',125),(254,118,'Alias vero officiis quasi ipsa adipisci iste.',176),(255,181,'Illum ut quo et illum.',16),(256,49,'Quis corrupti quae repellat consequatur.',146),(257,226,'Eveniet velit aperiam aut voluptatibus.',90),(258,261,'Nulla delectus quaerat iste officiis et.',104),(259,276,'Sit sunt ut repellat occaecati non.',179),(260,160,'Unde perspiciatis maxime odit quos soluta praesentium.',150),(261,149,'Illum vero labore modi dolorum corporis.',164),(262,149,'Et ex nihil rerum molestiae.',10),(263,41,'Sunt molestiae temporibus recusandae vel.',91),(264,23,'Et perferendis molestias eius saepe.',116),(265,212,'Dicta doloribus mollitia nihil officia cupiditate.',48),(266,130,'Aut eos nulla quidem suscipit ad fuga.',128),(267,128,'Voluptas et est voluptate eius modi explicabo dolor sit.',198),(268,386,'Dignissimos deleniti nulla reiciendis qui.',73),(269,190,'Tenetur quibusdam est quis beatae est.',130),(270,78,'Ea aspernatur architecto iste.',199),(271,30,'Fugit nesciunt libero sit quasi ullam tempore.',166),(272,372,'Voluptatem et aut minus nesciunt.',84),(273,271,'Laboriosam ducimus ipsam nihil cum omnis totam distinctio.',111),(274,281,'Consequuntur maiores corporis quae ab est dolorum hic.',157),(275,231,'Commodi aliquid sed ea velit.',187),(276,98,'Quae itaque ut sed vitae asperiores veritatis.',5),(277,378,'Veniam voluptas enim qui dolorum mollitia.',48),(278,263,'Voluptates cumque qui fugiat amet neque quis ex.',196),(279,329,'Sed qui quis possimus iste sit fugit consectetur.',46),(280,170,'Ut qui debitis unde. Quis et pariatur nihil perspiciatis.',126),(281,255,'Sint qui et rem eius necessitatibus itaque provident.',81),(282,264,'Aut saepe ipsa blanditiis fuga.',94),(283,328,'Distinctio exercitationem eligendi ut non quo debitis nisi.',42),(284,185,'Omnis adipisci placeat quo totam ipsam cum dolore.',109),(285,67,'Nihil vitae est ut at.',200),(286,145,'Quasi voluptatem explicabo at sapiente qui non aut.',50),(287,395,'Dolorem praesentium laboriosam ex qui magnam aut inventore.',144),(288,107,'Et esse corporis non eligendi.',85),(289,279,'Animi iste accusamus deserunt esse sint et hic.',48),(290,267,'Quia officia quidem et molestiae.',118),(291,264,'Perferendis necessitatibus ex perspiciatis.',157),(292,93,'Debitis explicabo eum harum ut error est repudiandae.',75),(293,52,'Voluptatibus dignissimos maxime praesentium consequatur.',54),(294,221,'Doloremque quidem commodi et dicta vel iure voluptates.',94),(295,179,'Odio saepe sunt aut. Ut ipsum deserunt quos et.',17),(296,149,'Eveniet esse non aut ea aut non.',133),(297,237,'Sunt a debitis ducimus aperiam.',126),(298,398,'Cum laborum et veritatis.',40),(299,49,'Voluptas cum eos nobis nam voluptas.',83),(300,89,'Ea illum quisquam dignissimos nesciunt.',134),(301,268,'Dolorum et illo qui veritatis est velit voluptatibus.',92),(302,233,'Ullam facilis at consequatur doloribus aliquid quod velit.',119),(303,170,'Dolore et aut fuga asperiores incidunt.',168),(304,229,'Totam aspernatur quae porro ut laudantium deserunt.',13),(305,283,'Voluptatem maiores nobis qui ipsam sunt autem dolore.',36),(306,111,'Qui in praesentium quas veniam voluptatibus eligendi.',48),(307,110,'Quos culpa occaecati beatae illo.',148),(308,213,'Aliquid ad expedita sed omnis eos cum iste.',75),(309,356,'Voluptas nobis similique quia aut laboriosam qui et.',15),(310,234,'Nesciunt qui maxime aut voluptate est.',21),(311,214,'Facilis esse ad numquam vel soluta odio quia.',150),(312,43,'In ducimus facere quisquam.',129),(313,211,'Voluptates in provident qui ea autem.',27),(314,353,'Velit veniam et magni perspiciatis et et.',36),(315,381,'Nobis maiores ea rerum ullam veniam.',13),(316,186,'Sunt qui nobis quas laborum expedita mollitia.',45),(317,364,'Est odit aut assumenda quidem vitae ut placeat.',74),(318,170,'Soluta veniam ipsum tempora.',25),(319,343,'Exercitationem et fuga eum sit facilis debitis est.',40),(320,331,'Quia animi quae aspernatur in laudantium ipsum voluptatem.',126),(321,254,'Voluptas voluptate quia ratione.',168),(322,328,'Consequatur autem optio magnam rerum nisi.',177),(323,218,'Tempora quo blanditiis autem ex culpa accusamus.',91),(324,241,'Doloribus ad nostrum error repellat consequatur eos.',123),(325,67,'Alias odit et et neque.',69),(326,89,'Fugit quas ab quibusdam voluptatibus.',92),(327,211,'Error repellendus eligendi tenetur reprehenderit.',19),(328,121,'Et eos id exercitationem atque.',107),(329,114,'Qui similique at voluptatibus optio.',46),(330,347,'Corrupti doloremque non voluptas vel dolor incidunt.',88),(331,12,'Aut et quia alias dolore et. Fugiat sit minima tempore.',151),(332,57,'Vel omnis assumenda cumque vero libero nostrum.',50),(333,19,'Voluptatem quos aliquam blanditiis esse fugiat ut.',193),(334,386,'Reiciendis laborum occaecati ipsam dolor.',200),(335,54,'Dignissimos dolorem officia ratione voluptatem eos nisi.',106),(336,130,'Excepturi ullam veniam aut.',165),(337,191,'A sint est optio maxime est voluptatem voluptatum sed.',117),(338,399,'Commodi qui voluptatem voluptas veritatis.',167),(339,353,'Repellat fugit quia exercitationem nobis eum enim.',48),(340,354,'Voluptatem quis tenetur cumque porro aut voluptas ea.',72),(341,24,'At consequuntur in atque debitis sed.',172),(342,254,'Molestiae rerum similique dolorem velit.',154),(343,142,'Dolorum est quia veniam sit.',106),(344,172,'Sit id unde quia et totam nobis.',92),(345,370,'Non delectus rerum nihil maxime molestiae nihil.',151),(346,42,'Autem explicabo aspernatur quia voluptatibus.',87),(347,243,'Sit enim dolorum sit est ut ea.',102),(348,221,'Et illo cum voluptas perspiciatis velit.',66),(349,292,'Adipisci repudiandae ut nisi temporibus sit vel aut.',28),(350,312,'Fugiat similique omnis libero vel corporis culpa id.',125),(351,196,'Sed ut laudantium fuga alias vero.',111),(352,290,'Deserunt atque veniam pariatur.',78),(353,306,'Maxime dolor ipsam aut non beatae magni adipisci.',96),(354,300,'Eos iste pariatur perferendis optio velit.',55),(355,201,'Facilis expedita adipisci totam aut quod.',48),(356,321,'Natus quidem placeat maxime expedita quia.',119),(357,129,'Nisi officiis et laudantium ut et voluptatem.',2),(358,217,'Quasi maxime et quaerat modi.',37),(359,103,'Unde autem fugit fuga vel impedit laudantium earum.',126),(360,160,'Molestias veritatis dolore fugiat qui labore eveniet eos.',100),(361,150,'Voluptas sit enim numquam quas qui.',109),(362,303,'Pariatur fuga earum provident laboriosam ducimus eos.',122),(363,287,'Occaecati corrupti iure veritatis sed dolor et.',195),(364,33,'Aut a vel est doloremque. Quas ut eum et.',176),(365,242,'Provident dolores sit qui.',99),(366,221,'Explicabo tempore voluptas adipisci cum.',136),(367,83,'Itaque ab atque est labore porro.',105),(368,17,'Libero rerum itaque molestiae vel qui id modi.',115),(369,393,'Enim porro deleniti molestias qui.',167),(370,185,'Dolor dolorem aperiam veniam sequi id ad.',131),(371,96,'Perferendis voluptates illo et libero.',161),(372,236,'Voluptas tempore illo commodi sed porro culpa sit.',153),(373,177,'Consequatur itaque hic unde cupiditate.',138),(374,66,'Minus rerum quo sed possimus asperiores.',103),(375,229,'Natus quo quas sed labore maxime illo fuga.',54),(376,203,'Unde molestiae numquam corrupti fugiat accusantium.',19),(377,138,'Aspernatur corporis sit sapiente eum.',146),(378,292,'Est et et eius est in itaque sed animi.',176),(379,303,'Numquam enim et dolor.',47),(380,370,'Perferendis ullam assumenda quo laboriosam aliquid id quis.',61),(381,295,'Dolor repellat dolorem distinctio vel ut iste.',134),(382,316,'Voluptates in tempore quam ullam earum unde est hic.',117),(383,83,'Facere non quas consequuntur beatae.',127),(384,362,'Corporis architecto deserunt itaque natus.',143),(385,32,'Atque voluptatem dolore quos sequi ut harum nam.',143),(386,210,'Quia fugiat dicta cumque animi eum ut accusantium non.',59),(387,368,'Excepturi doloribus a soluta officia qui.',190),(388,348,'Cupiditate quia corrupti mollitia adipisci atque.',143),(389,218,'Consectetur nemo illo ratione dolorum accusamus.',188),(390,356,'Omnis dolor consectetur quia ea dolores vel.',54),(391,7,'Atque velit vel nihil itaque voluptate ratione optio.',97),(392,46,'Praesentium soluta fuga quis eos rem omnis totam.',80),(393,315,'Ab et voluptatibus porro quo.',1),(394,188,'Hic voluptas non non consequatur quisquam voluptatibus ut.',156),(395,33,'Quam et quia ipsa reprehenderit ea illum eveniet.',191),(396,257,'Sunt accusantium dignissimos laboriosam hic et.',63),(397,299,'Ea aperiam adipisci minima debitis ducimus.',18),(398,275,'Aut doloremque qui ducimus eum laudantium eos omnis.',5),(399,156,'Debitis maiores est et voluptatem pariatur.',8),(400,294,'Saepe accusamus qui nihil et aut aliquid autem.',114),(401,385,'Accusamus recusandae libero ex dignissimos est.',192),(402,306,'Qui voluptatem voluptate ipsam illo quis.',191),(403,279,'Sint sit exercitationem dolores voluptas ad.',120),(404,82,'Inventore a corporis non consectetur et iste libero cumque.',68),(405,16,'Dolorem repudiandae excepturi quibusdam mollitia sed.',68),(406,354,'Corrupti quaerat deleniti rem consequatur ipsam sunt.',4),(407,320,'Est velit laboriosam temporibus dignissimos.',27),(408,331,'Sunt dolor qui quam adipisci et voluptatibus.',17),(409,388,'Qui cum omnis minus eos.',101),(410,115,'Enim ab rem et hic eligendi qui explicabo.',55),(411,1,'Dicta esse natus qui quae fugit tenetur assumenda modi.',59),(412,216,'Vitae et eveniet magni enim laboriosam.',49),(413,301,'Ea fugit corrupti aut laboriosam.',58),(414,137,'Impedit id vero eaque rerum qui molestias ea.',114),(415,47,'Id et asperiores iste quasi.',70),(416,233,'Qui dolores quidem ut excepturi.',40),(417,6,'Quasi fuga animi maxime deserunt quidem harum.',90),(418,358,'Quis dignissimos consequuntur enim et corrupti officiis ea.',28),(419,334,'Quia libero omnis optio temporibus sequi.',193),(420,77,'Fuga consequatur autem illo dignissimos et accusamus in.',43),(421,199,'Quasi dolor quasi earum.',27),(422,287,'Consequatur in rem accusamus ut odio sed cupiditate quos.',65),(423,201,'Aut voluptatem eum beatae nisi.',193),(424,324,'Ut illum voluptas consequatur accusamus debitis eius.',77),(425,395,'Facere nihil ut quo illo. Facilis ad enim numquam ut non.',127),(426,115,'Soluta voluptatem id sit omnis aut. Ut ea odio et dolores.',34),(427,143,'Consequuntur commodi eaque dolores hic.',134),(428,44,'Qui numquam rerum et non.',65),(429,389,'Blanditiis aut autem eveniet magni natus excepturi est.',181),(430,147,'Alias id maiores rerum alias.',46),(431,115,'Ut ut eos cumque qui et.',87),(432,211,'Dolores non qui consequatur qui accusantium et nam.',136),(433,136,'Culpa consequatur aliquid doloribus illo ut sunt totam.',54),(434,3,'Et quo est labore illum.',197),(435,129,'Voluptas consequatur aperiam laborum dicta sint.',134),(436,225,'Quis et delectus modi et est necessitatibus rerum.',71),(437,156,'Ad ex dolor odit nulla aliquid.',115),(438,133,'Qui illum et et est.',186),(439,159,'Et libero ex ex et.',155),(440,305,'Velit rerum fugit veritatis enim quisquam aliquam.',18),(441,228,'Animi tempora nam sed numquam recusandae ea.',54),(442,339,'Et ab est labore. Laborum error aspernatur nihil velit.',158),(443,393,'Aut enim aut distinctio corporis ut modi.',99),(444,161,'Nulla nobis aut dolorum et numquam pariatur.',7),(445,189,'Sit dolorem nam voluptatem tempore.',101),(446,309,'Quia quibusdam sint ullam.',67),(447,247,'Maiores odio quia maiores nulla.',59),(448,174,'Nostrum debitis dolorum rem consectetur eius minima.',145),(449,36,'Quis voluptas laudantium quia natus iste placeat eum.',197),(450,5,'Quod porro libero ratione est et.',83),(451,132,'Suscipit consequatur tempore quasi ipsa nulla.',87),(452,132,'Officia sit minima libero facere aut quasi aut.',98),(453,256,'Quod voluptas iste cupiditate rerum veniam et quia.',169),(454,140,'Eveniet consequuntur est facere cum ut voluptas nihil.',21),(455,400,'Et qui tempore maxime fuga consequatur minima laborum.',153),(456,195,'Debitis eaque officiis et et.',23),(457,163,'Rerum ullam accusamus enim tempora sint et assumenda.',128),(458,181,'Aliquid quaerat autem officia maxime.',74),(459,271,'Necessitatibus in eum reiciendis doloribus.',196),(460,357,'Quasi in voluptatem velit et quia iure repellendus.',113),(461,220,'Facere aut exercitationem voluptatem impedit.',111),(462,274,'Dolores ut architecto consectetur odio.',78),(463,321,'Et quo nisi consectetur numquam ut.',42),(464,103,'Ut amet quibusdam et minima.',43),(465,293,'Aut illum suscipit exercitationem.',44),(466,84,'Sed quidem eius iusto.',132),(467,257,'Id voluptatum ex cum a distinctio consequatur commodi.',69),(468,107,'Qui magni placeat dolor ratione voluptas eum autem.',23),(469,310,'Aut fugit earum asperiores cum impedit perspiciatis sint.',13),(470,65,'Fuga ut et maiores atque architecto.',188),(471,332,'Est labore aut nihil rem et exercitationem molestiae.',153),(472,397,'Eius voluptatibus molestiae velit incidunt.',26),(473,326,'Provident accusamus id incidunt in ipsum possimus.',8),(474,392,'Eaque unde aut voluptatem pariatur eum omnis nulla.',35),(475,328,'Facere recusandae quos vitae nihil.',134),(476,342,'Est a saepe eos.',198),(477,188,'Eos beatae soluta voluptate eos nihil praesentium.',105),(478,306,'Minus nihil qui recusandae eius dolores.',166),(479,346,'Nostrum quos pariatur dolores dolores.',57),(480,249,'Molestiae non pariatur ut molestiae deserunt temporibus.',34),(481,229,'At ut tenetur deleniti.',44),(482,25,'Et aut similique autem molestiae illum rerum.',26),(483,399,'Doloremque accusamus ipsa sint nisi aliquam qui.',54),(484,298,'Et nam assumenda sit tempore omnis molestiae.',85),(485,247,'Cupiditate dolorem quo sunt ipsam.',132),(486,185,'Qui qui in optio vel.',100),(487,232,'Culpa occaecati vero reiciendis est est eaque.',7),(488,234,'Temporibus assumenda non facilis quaerat illo dolore.',187),(489,316,'Enim quia voluptatem ex ipsam omnis.',117),(490,295,'Est reprehenderit odio voluptatem perspiciatis.',148),(491,240,'A ut eaque qui cum ut et ullam.',118),(492,161,'Doloremque omnis doloremque pariatur inventore voluptas.',77),(493,387,'Accusantium vitae deleniti eum quasi.',10),(494,303,'Tempore voluptate suscipit dolorum dolorem ducimus quasi.',78),(495,366,'Reprehenderit ut ducimus magni eos rem distinctio atque.',170),(496,305,'Totam labore soluta iste consequatur delectus.',180),(497,37,'Porro suscipit cumque totam quibusdam voluptas aut dolor.',47),(498,36,'Tempora tempore recusandae sapiente repellendus.',107),(499,369,'Ut voluptates aperiam vel.',110),(500,193,'Laborum omnis cum eos omnis minima et accusantium.',160),(501,391,'Sint eum modi enim et voluptatem exercitationem similique.',124),(502,51,'Perspiciatis non dolorum in et aperiam et ut.',55),(503,235,'Quasi quas ab ullam nam.',136),(504,52,'Omnis omnis modi aperiam doloremque doloremque commodi.',53),(505,104,'Quia provident quasi culpa soluta est saepe.',72),(506,215,'Ut qui laudantium architecto et eum.',45),(507,363,'Molestiae eligendi ipsam est quas.',138),(508,67,'Excepturi sint repellat molestias.',183),(509,372,'Voluptatibus aperiam consequuntur doloribus et possimus.',29),(510,25,'Rerum fugit qui et dolores ducimus provident.',192),(511,298,'Dolorum adipisci et est qui fugit fugit.',106),(512,64,'Ea quisquam rem vel nobis enim aliquid.',103),(513,116,'Nihil qui omnis facilis dolores est dolorem et.',33),(514,59,'Alias natus impedit consequatur commodi libero velit.',76),(515,227,'Sed dolor magni nulla et atque.',27),(516,38,'Molestias nisi accusamus impedit ex nemo accusamus.',172),(517,272,'Ut expedita ipsum accusamus repellendus. Dolore ut ut quae.',77),(518,19,'Rem rerum ipsam architecto est.',116),(519,13,'Expedita assumenda eos doloremque iure.',166),(520,31,'Rerum qui nihil aperiam doloribus ullam occaecati.',145),(521,41,'In earum deserunt ut. Dolorem qui nisi qui rerum veritatis.',167),(522,104,'Quo in velit dolores quas.',55),(523,184,'Animi est sed aut nulla rerum et beatae sit.',104),(524,229,'Perspiciatis molestias et animi velit.',174),(525,355,'Tempore ut vel ut dolor dolores.',57),(526,368,'Magnam pariatur esse quam.',14),(527,267,'Est et exercitationem mollitia odio doloribus sed dolor.',135),(528,227,'Minus et laudantium corrupti nihil.',57),(529,238,'Molestiae est labore nulla ipsam itaque dolor.',104),(530,271,'Rerum rerum asperiores tempora quasi quia beatae.',59),(531,303,'Magni et officia distinctio hic tempora sed aut.',197),(532,94,'Sit voluptatem sit cum quae repudiandae aut recusandae ab.',22),(533,157,'Et cum similique est provident tempora atque illum.',34),(534,188,'Placeat amet qui officiis quia.',101),(535,173,'Perferendis sequi magni soluta.',117),(536,39,'Et harum vero dolor enim sapiente repudiandae.',56),(537,47,'Voluptas nihil tempora totam quis.',153),(538,56,'Nulla nam beatae ea sed excepturi neque.',166),(539,124,'Explicabo et est ducimus autem odit ullam.',94),(540,393,'Eum possimus ipsa id rerum exercitationem.',126),(541,272,'Distinctio et deserunt quam.',188),(542,292,'Saepe qui reprehenderit voluptatem deleniti ex sunt nemo.',45),(543,28,'Earum voluptas architecto officiis doloremque quaerat.',136),(544,275,'Libero vero dolorem facilis unde id.',55),(545,388,'Sint velit sunt hic atque maxime magnam est quia.',129),(546,304,'Eligendi accusantium atque aperiam.',49),(547,90,'Numquam molestiae explicabo delectus unde sint.',144),(548,276,'Non dignissimos labore quo consequuntur quia.',175),(549,344,'Delectus enim et non debitis ad quia tempore.',4),(550,399,'Laudantium porro illo inventore et sequi sed.',76),(551,163,'Eveniet atque aut culpa rerum sit nulla.',124),(552,381,'Et voluptate id praesentium quaerat cupiditate.',86),(553,70,'Error et distinctio provident rerum quae est.',178),(554,334,'Et harum eius quidem harum vel. Commodi animi quisquam sit.',58),(555,29,'Et voluptatem hic totam porro omnis officiis.',87),(556,212,'Quos error voluptates sint aperiam.',93),(557,310,'Dolorum nihil et et quas.',191),(558,148,'Ipsam voluptatem voluptas illum quidem.',192),(559,94,'Totam maxime amet aut excepturi facilis.',153),(560,286,'Aliquid voluptatem iure veniam.',175),(561,371,'Praesentium odio explicabo rem cumque soluta pariatur et.',14),(562,201,'Ut impedit eos laborum et impedit.',130),(563,29,'Et aut expedita qui minus sit sunt et.',26),(564,62,'Est explicabo quo qui accusamus officia asperiores sunt.',30),(565,337,'Esse qui et doloribus aliquid.',157),(566,179,'Laboriosam quam provident unde earum.',168),(567,114,'Optio tenetur ipsum similique sunt enim.',30),(568,316,'Est saepe provident a recusandae dolores delectus.',186),(569,246,'Qui itaque vero nulla enim.',12),(570,172,'Alias laboriosam amet in ut veniam vel voluptatem.',152),(571,30,'Eum optio possimus unde.',75),(572,352,'Perferendis libero dolore nesciunt mollitia.',9),(573,389,'Veniam ea consequuntur ratione iure.',44),(574,378,'Repudiandae dolores voluptatem est quis quis.',106),(575,87,'Ut et beatae dolores reprehenderit sed corrupti.',149),(576,52,'Est voluptas sapiente aut non id. Quibusdam nobis ab dicta.',191),(577,303,'Inventore assumenda quo voluptas sint.',142),(578,90,'Eaque totam fugit nisi velit qui et.',164),(579,6,'Distinctio quo modi accusantium sed.',177),(580,237,'Dolorem aut unde quia et voluptatem rem.',81),(581,389,'Eos dignissimos cupiditate dolor aperiam suscipit nam.',81),(582,15,'Omnis et corrupti atque aut.',62),(583,208,'Dolorem facilis vitae quibusdam sit qui et.',95),(584,43,'Est expedita dolorem numquam et libero impedit.',123),(585,6,'Vitae et voluptatem qui iure.',139),(586,74,'Sit inventore vitae cupiditate reiciendis dolorum.',85),(587,138,'Ut fugiat vitae molestiae ab.',75),(588,261,'Quo eos sed et autem labore. Est eos sit earum consequatur.',12),(589,398,'Ea assumenda soluta officia minus optio.',9),(590,106,'Tempora aut sit corporis ut.',4),(591,39,'Veniam animi placeat laborum laborum.',54),(592,228,'Officia dolorem corporis et mollitia dignissimos.',115),(593,3,'Enim vitae rerum illo mollitia consequuntur.',141),(594,213,'Quod harum quo suscipit voluptas quasi.',38),(595,274,'Natus quisquam molestiae non.',62),(596,121,'Optio animi perspiciatis eos sit.',149),(597,147,'Cum omnis rerum non dolorem impedit optio in.',139),(598,27,'Est non id quisquam et tempore.',125),(599,64,'Autem possimus sequi modi.',31),(600,175,'Ab dolor laborum nemo quis sed consectetur.',171);

INSERT INTO `Favoris` VALUES (314,1,1),(2146,1,5),(2597,1,11),(1895,1,15),(2160,1,36),(379,1,85),(2392,2,2),(2256,2,12),(2249,2,23),(864,2,45),(2214,2,53),(2291,2,72),(807,2,80),(1802,2,85),(873,2,88),(2209,3,12),(2052,3,82),(2516,3,84),(2102,3,100),(2247,4,23),(387,4,53),(209,4,79),(2446,4,87),(1912,4,88),(1803,5,12),(2244,5,13),(1952,5,25),(276,5,59),(2397,5,69),(254,5,85),(2018,6,27),(2172,6,28),(2504,6,50),(2434,6,52),(1980,6,60),(2380,6,69),(1998,7,2),(1877,7,7),(201,7,45),(2164,7,51),(2377,7,52),(812,7,67),(2379,7,87),(292,8,40),(78,8,46),(2093,8,50),(1972,8,53),(2109,8,75),(866,8,76),(2009,8,86),(371,8,88),(1840,9,10),(219,9,39),(229,9,67),(332,10,35),(346,10,55),(2430,10,71),(2229,11,15),(2552,11,21),(2480,11,32),(1880,11,37),(2335,11,57),(36,11,95),(2531,12,55),(294,12,59),(2208,12,87),(2589,13,21),(2016,13,33),(2444,13,55),(242,13,61),(842,13,82),(327,13,83),(2374,13,91),(1873,13,92),(895,13,99),(1930,14,19),(2476,14,43),(335,14,65),(243,14,77),(2595,14,86),(835,14,94),(2550,15,2),(5,15,10),(1849,15,15),(2094,15,23),(1985,15,60),(2460,15,84),(22,16,28),(1883,16,61),(1865,16,65),(2082,16,72),(1940,16,99),(2340,17,8),(2443,17,25),(75,17,29),(2171,17,34),(2296,17,62),(859,18,4),(258,18,7),(2203,18,17),(2582,18,37),(328,18,40),(399,18,47),(2130,18,54),(826,18,59),(2537,18,65),(2037,18,75),(374,18,77),(2062,18,94),(2515,19,5),(2129,19,25),(2111,19,42),(2227,19,55),(1945,19,75),(25,19,77),(2226,20,8),(2565,20,12),(310,20,39),(2168,21,44),(100,21,51),(2367,22,6),(2266,22,12),(2570,22,25),(2086,22,28),(2346,22,45),(2101,22,93),(2312,23,27),(297,23,32),(2104,23,57),(2396,23,59),(2429,23,68),(386,23,85),(1933,23,89),(1914,24,3),(2221,24,9),(2482,24,16),(2387,24,18),(1824,24,29),(2407,24,34),(1979,24,61),(1926,24,65),(2447,25,35),(88,26,29),(2278,26,57),(2475,26,63),(2580,26,70),(2153,26,87),(854,27,10),(33,27,13),(2092,27,25),(2355,27,26),(2287,27,28),(1862,27,35),(2564,27,42),(849,27,72),(2519,27,85),(2508,27,91),(79,27,95),(2265,28,20),(1826,28,42),(2224,28,77),(2002,28,79),(2356,28,87),(2000,28,97),(1852,29,11),(1988,29,17),(1837,29,49),(896,29,90),(2114,29,98),(2439,30,18),(1819,30,22),(2560,30,38),(356,30,48),(270,30,56),(2120,30,57),(287,30,94),(2571,31,20),(806,31,24),(28,31,70),(2588,31,88),(373,31,99),(1910,31,100),(1962,32,19),(285,32,39),(392,32,43),(1890,32,47),(89,32,57),(2156,32,59),(1894,32,70),(212,32,94),(246,32,96),(1908,33,22),(46,33,40),(291,33,63),(2125,33,79),(1801,34,25),(2039,34,40),(884,34,75),(2342,35,9),(2323,35,17),(1825,35,20),(1896,35,48),(2499,35,69),(2543,35,87),(48,35,89),(397,36,6),(2594,36,60),(2263,36,84),(2201,36,100),(66,37,4),(2303,37,44),(2038,37,63),(2210,38,8),(269,38,16),(59,38,20),(73,38,32),(2138,38,36),(1925,38,46),(2506,38,68),(2076,38,79),(2364,38,82),(2228,38,95),(2297,39,19),(232,39,42),(366,39,78),(61,39,94),(2207,40,1),(2279,40,21),(2532,40,31),(2524,40,43),(2562,40,60),(2255,40,73),(2325,40,97),(2305,41,14),(68,41,27),(2122,41,80),(2012,41,81),(338,41,82),(1946,41,84),(296,41,94),(2117,42,16),(2235,42,29),(872,42,40),(2058,42,55),(2511,43,42),(1809,43,47),(261,43,75),(865,44,14),(2318,44,38),(318,44,63),(2178,44,73),(2174,44,78),(1879,44,99),(880,45,8),(2239,45,14),(2361,45,26),(2127,45,80),(2176,45,82),(2395,46,31),(2267,46,33),(2527,46,80),(2534,47,1),(2079,47,2),(2518,47,18),(2394,47,28),(2118,47,49),(2063,47,51),(2014,47,79),(1815,48,14),(2248,48,22),(2350,48,33),(365,48,36),(2041,49,4),(2437,49,20),(1941,49,46),(245,49,63),(2517,49,67),(231,49,74),(2053,49,75),(1882,49,81),(1902,49,82),(222,49,100),(2222,50,97),(1861,51,9),(265,51,19),(74,51,52),(2416,51,57),(225,51,67),(2481,51,78),(255,51,80),(2408,51,84),(2021,51,92),(2545,52,3),(2471,52,32),(2179,52,43),(2398,52,55),(2260,52,57),(65,52,71),(2321,52,75),(303,52,94),(237,52,98),(1957,53,35),(1929,53,41),(2064,53,49),(2124,53,94),(2163,54,4),(2199,54,8),(2488,54,80),(2592,54,89),(2137,54,97),(2354,55,29),(97,55,49),(869,55,54),(841,55,60),(2436,55,67),(38,55,75),(1927,56,23),(1966,56,72),(2331,56,76),(2252,57,3),(2583,57,12),(2147,57,70),(80,57,77),(220,58,41),(1871,58,49),(2250,58,89),(2337,58,95),(1969,59,11),(2306,59,31),(2280,59,38),(830,59,64),(810,59,79),(876,59,91),(2334,59,92),(1950,59,99),(11,60,22),(342,60,25),(369,60,56),(2034,60,73),(2409,61,35),(331,61,49),(2182,61,60),(2110,61,63),(90,62,10),(2512,62,17),(284,62,29),(400,62,68),(1,62,88),(2559,63,8),(2404,63,33),(1884,63,38),(2074,63,56),(2520,63,67),(340,63,83),(2022,63,86),(2330,64,6),(2139,64,34),(324,64,38),(77,64,43),(2141,64,44),(2424,64,76),(860,64,84),(894,65,9),(2294,65,15),(377,65,81),(1870,65,88),(2599,65,92),(283,65,96),(1863,65,98),(2463,66,14),(2048,66,24),(333,66,37),(853,66,47),(31,66,58),(2542,66,77),(1868,66,78),(2448,67,12),(2205,67,81),(343,67,85),(2292,68,5),(1992,68,47),(367,68,69),(2242,68,92),(368,69,15),(1833,69,30),(1820,69,84),(1976,69,88),(2351,69,100),(898,70,22),(875,70,33),(378,70,34),(2050,70,38),(852,70,71),(361,70,94),(2095,70,100),(867,71,6),(2027,71,21),(383,71,54),(2462,71,60),(897,71,62),(2083,71,85),(205,71,92),(1999,71,98),(805,72,3),(2189,72,14),(2540,72,58),(2143,72,83),(2057,72,85),(2406,72,91),(251,73,5),(1931,73,6),(2457,73,22),(1936,73,23),(3,73,56),(2096,73,66),(2477,73,89),(2299,74,9),(1878,74,40),(2167,74,72),(70,74,86),(1906,75,7),(363,75,8),(317,75,9),(2352,75,75),(54,75,82),(2418,75,87),(2006,76,5),(1977,76,20),(2119,76,42),(811,76,67),(2310,76,73),(2295,76,88),(334,77,1),(214,77,9),(2347,77,27),(274,77,45),(822,77,76),(2401,78,11),(889,78,34),(2078,78,44),(1935,78,62),(307,78,63),(2155,78,70),(2304,78,84),(2336,78,99),(42,79,35),(1855,79,61),(814,79,78),(2332,79,86),(2195,80,3),(2378,80,7),(2070,80,15),(2311,80,56),(2314,80,77),(2031,80,96),(824,81,14),(2133,81,57),(2015,82,14),(2473,82,16),(2556,82,18),(2423,82,33),(2036,82,59),(24,82,69),(1810,82,72),(2359,82,83),(394,83,16),(818,83,21),(319,83,59),(1974,83,66),(1869,83,87),(2501,83,90),(2465,84,6),(2544,84,14),(815,84,18),(2558,84,33),(23,84,38),(1982,84,45),(2144,84,65),(2192,85,4),(1937,85,23),(1973,85,24),(2369,85,27),(4,85,41),(893,85,45),(848,85,72),(2530,85,83),(2370,86,21),(85,86,32),(2080,86,39),(882,86,77),(1898,86,86),(9,86,90),(388,87,31),(2451,87,34),(2513,87,56),(1843,87,59),(320,87,84),(1915,87,88),(381,87,92),(2008,88,6),(2107,88,20),(323,88,90),(362,89,19),(1885,89,22),(1900,89,40),(2596,89,78),(91,89,82),(2461,90,5),(2067,90,19),(216,90,26),(2349,90,76),(2285,90,89),(228,90,92),(2428,91,6),(20,91,9),(2029,91,23),(2341,91,46),(2085,91,53),(301,91,68),(2313,91,94),(2136,92,3),(300,92,18),(322,92,51),(2438,92,59),(1875,92,64),(1821,92,83),(2253,93,27),(2478,93,57),(202,93,90),(348,93,95),(1832,94,15),(2046,94,16),(2464,94,22),(1845,94,29),(825,94,45),(306,94,50),(247,94,61),(204,94,82),(2275,95,73),(2315,95,78),(1964,96,4),(299,96,30),(2585,96,36),(813,96,88),(1814,96,94),(69,97,1),(1847,97,11),(887,97,36),(2180,97,46),(1909,97,61),(281,97,63),(2492,98,63),(2389,98,70),(2282,98,81),(32,98,88),(1989,99,18),(2526,99,90),(34,100,8),(1892,100,24),(1993,101,30),(836,101,35),(2081,101,42),(900,101,64),(1917,101,84),(2123,102,3),(239,102,22),(2259,102,45),(2509,103,5),(2366,103,27),(277,103,41),(817,103,48),(308,103,74),(2103,103,83),(2381,103,88),(94,103,94),(1888,103,99),(253,104,26),(2598,104,27),(298,104,31),(2498,104,55),(398,104,77),(1831,104,98),(883,105,1),(266,105,4),(2073,105,31),(2211,105,36),(1904,105,94),(2161,106,9),(850,106,11),(2371,106,14),(839,106,24),(2415,106,31),(2400,106,32),(282,106,48),(238,106,98),(2269,107,15),(2399,107,28),(2206,107,35),(2140,107,63),(857,107,64),(2219,107,69),(2154,108,33),(2051,108,39),(844,108,49),(2105,108,79),(823,108,100),(2237,109,2),(211,109,12),(2561,109,20),(1860,109,22),(215,109,32),(2099,109,41),(2198,109,44),(2066,109,71),(325,109,87),(2548,109,96),(208,110,18),(235,110,21),(2385,110,22),(391,110,43),(881,110,60),(819,110,66),(2435,110,68),(2316,110,70),(2455,110,84),(1816,110,92),(2533,110,98),(210,111,9),(2421,111,62),(29,111,67),(1853,111,73),(2286,111,90),(19,111,91),(2491,111,98),(2035,112,10),(2388,112,19),(330,112,30),(57,112,37),(30,112,65),(271,112,73),(2149,112,82),(1920,112,97),(2264,113,10),(1943,113,14),(855,113,40),(1975,113,54),(39,113,88),(2382,113,89),(62,114,36),(44,114,37),(1956,114,40),(2186,114,55),(1994,114,71),(267,114,79),(329,115,45),(801,115,75),(2417,115,80),(2100,115,82),(60,116,12),(14,116,16),(2496,116,30),(290,116,50),(832,116,74),(288,116,77),(2213,116,82),(1921,116,91),(2281,116,95),(263,117,11),(885,117,18),(2258,117,31),(2357,117,37),(2115,117,63),(1876,117,64),(2089,117,82),(2503,117,93),(1965,117,99),(2033,118,55),(820,118,89),(2290,119,7),(2166,119,8),(1905,119,15),(2011,119,22),(354,119,25),(2084,119,47),(55,119,65),(2494,119,78),(357,119,82),(264,119,90),(2241,119,94),(2240,120,10),(1971,120,20),(2573,120,22),(353,120,24),(345,121,28),(67,121,39),(2420,121,41),(2001,121,43),(84,121,46),(802,121,54),(47,121,56),(2225,121,57),(2593,121,72),(236,121,96),(804,122,28),(2218,122,45),(2431,122,86),(2098,122,99),(2538,123,7),(2069,123,16),(2427,123,17),(2581,123,20),(843,123,21),(56,123,31),(2553,123,33),(1813,123,35),(230,123,51),(1981,123,77),(2376,123,81),(2467,123,94),(2175,124,7),(226,124,30),(2433,124,76),(2159,124,85),(2257,125,3),(1942,125,15),(1928,125,17),(99,125,23),(808,125,27),(1938,126,2),(53,126,27),(2390,126,29),(2567,126,37),(877,126,45),(87,126,51),(2193,126,52),(1836,126,64),(256,126,79),(1923,126,95),(2045,127,12),(2541,127,13),(2343,127,14),(2150,127,15),(2055,127,26),(76,127,47),(2061,127,82),(45,127,89),(2522,127,100),(1948,128,72),(2152,128,77),(2054,128,79),(321,128,85),(2126,128,87),(2217,129,1),(2043,129,2),(862,129,28),(37,129,43),(1953,129,69),(1995,129,82),(1983,129,85),(2413,130,7),(86,130,11),(227,130,18),(2452,130,21),(1959,130,36),(337,130,59),(1987,130,67),(275,130,88),(2040,130,93),(1848,130,97),(1991,131,3),(2469,131,9),(1839,131,12),(1903,131,38),(1893,131,57),(831,132,10),(390,132,48),(2112,132,59),(874,132,60),(2007,132,66),(2,132,75),(1812,132,78),(827,132,97),(389,133,53),(2525,133,73),(2204,133,77),(2344,133,89),(1804,133,94),(2220,134,6),(364,134,14),(2590,134,37),(2459,134,61),(2414,134,78),(868,135,13),(2348,135,16),(2298,135,57),(2060,135,70),(2197,136,15),(2162,136,30),(2528,136,47),(871,136,55),(309,136,64),(351,136,74),(1838,136,80),(289,137,13),(372,137,24),(2523,137,25),(2245,137,47),(1889,137,54),(2557,137,68),(2212,138,21),(2412,138,42),(2555,138,46),(2236,138,61),(260,138,78),(2183,138,84),(234,138,96),(224,139,8),(2187,139,62),(2363,139,78),(2230,139,88),(218,139,94),(2324,140,15),(16,140,16),(312,140,17),(1859,140,56),(845,140,71),(72,140,73),(2319,140,83),(1874,140,92),(1986,140,99),(2135,141,3),(2288,141,7),(2320,141,8),(82,141,12),(2575,141,46),(2188,142,79),(2173,142,86),(360,143,2),(1901,143,19),(2383,143,29),(2262,143,33),(2165,143,51),(2338,143,64),(2026,143,68),(1899,143,80),(250,143,97),(878,144,22),(2177,144,40),(1841,144,51),(1958,144,71),(272,145,6),(7,145,13),(305,145,28),(2071,145,29),(302,145,58),(1907,146,8),(311,146,24),(2072,146,32),(816,147,8),(2327,147,31),(840,147,43),(223,147,47),(268,147,58),(2587,147,79),(2425,147,95),(2445,148,1),(2572,148,10),(1829,148,37),(286,148,51),(2502,148,53),(2470,148,78),(1919,148,87),(2013,148,91),(382,148,92),(2578,149,11),(2157,149,59),(2577,149,65),(2293,149,72),(2145,149,83),(336,150,11),(2077,150,27),(2403,150,42),(27,150,74),(2216,150,75),(858,150,86),(71,150,87),(49,150,89),(899,151,28),(316,151,41),(1808,151,47),(2049,151,70),(2535,151,78),(2317,152,19),(217,152,26),(892,152,62),(395,152,64),(280,153,7),(2386,153,19),(1978,153,25),(2360,153,26),(2005,153,32),(1857,153,41),(1864,153,56),(1955,153,60),(1827,153,72),(2261,154,22),(1913,155,8),(870,155,65),(98,155,100),(273,156,8),(1897,156,15),(2372,156,35),(2391,156,46),(1811,156,58),(35,156,96),(93,157,38),(358,157,45),(2456,157,54),(1822,157,57),(2300,157,65),(1806,157,66),(40,157,71),(221,157,91),(1961,157,92),(2302,158,6),(2521,158,19),(2301,158,23),(2283,158,78),(375,158,80),(846,158,86),(1996,158,90),(2251,158,97),(1949,158,100),(2505,159,19),(2551,159,29),(1842,159,38),(2483,159,39),(2277,159,52),(384,159,67),(344,159,68),(2493,159,69),(2020,160,9),(1834,160,12),(15,160,16),(341,160,29),(1805,160,37),(2231,160,45),(26,160,53),(1960,160,70),(2546,160,78),(81,160,79),(838,160,83),(2185,160,93),(2088,160,95),(1856,160,96),(1924,161,20),(21,161,48),(809,161,49),(350,161,52),(2010,161,94),(2497,161,100),(2132,162,49),(355,162,66),(347,162,82),(2368,162,91),(2514,163,44),(241,163,64),(2032,163,85),(2489,164,3),(886,164,32),(1891,164,41),(2495,165,4),(1984,165,37),(1997,165,69),(1916,165,73),(8,165,78),(252,166,11),(833,166,33),(2566,166,55),(2486,166,74),(2131,167,7),(803,167,38),(326,167,51),(244,167,60),(1846,167,66),(295,167,74),(10,167,82),(278,167,87),(2190,168,8),(1947,168,31),(1967,168,49),(2059,168,56),(2586,168,57),(1830,168,68),(207,168,69),(393,168,74),(2047,169,35),(2422,169,42),(1872,169,56),(1828,169,63),(2328,170,13),(2019,170,15),(1866,170,23),(2065,170,32),(1963,170,35),(385,170,50),(2472,170,81),(64,170,98),(2090,171,32),(834,171,35),(83,171,72),(92,171,80),(888,172,17),(2484,172,23),(1951,172,25),(313,172,34),(2329,172,47),(1932,172,57),(2576,172,95),(2113,173,22),(2116,173,23),(1851,173,30),(304,173,57),(2200,173,72),(851,173,84),(1887,174,5),(821,174,23),(2441,174,64),(2087,174,75),(96,174,94),(359,175,18),(2170,175,29),(2017,175,64),(2549,175,78),(259,175,81),(2202,175,94),(2487,175,99),(2044,176,7),(2025,176,29),(249,176,31),(2458,176,51),(2308,176,59),(2289,176,81),(95,176,89),(2362,176,98),(352,176,100),(279,177,5),(861,177,13),(1918,177,24),(891,177,25),(2579,177,26),(63,177,32),(6,177,33),(2510,177,76),(43,178,2),(829,178,14),(2234,178,46),(2194,178,50),(2574,178,63),(2345,178,92),(2271,178,100),(856,179,13),(2500,179,41),(2142,179,47),(376,179,51),(2440,179,53),(837,179,68),(13,180,18),(2432,180,28),(2028,180,45),(1934,180,52),(1858,180,71),(2223,181,56),(2270,181,59),(2004,181,65),(233,181,95),(262,182,38),(2450,182,40),(2196,182,52),(2339,182,80),(1807,183,24),(2121,183,37),(1954,183,61),(2485,183,76),(879,184,1),(847,184,6),(828,184,52),(1823,184,69),(2358,184,87),(1922,184,95),(1844,185,6),(2591,185,21),(1944,185,39),(2134,186,19),(206,186,60),(2169,186,83),(2023,186,86),(2148,187,1),(51,187,9),(1835,187,55),(2479,188,2),(2474,188,3),(339,188,11),(2284,189,7),(2393,189,20),(2442,190,22),(315,190,29),(2191,190,75),(2449,190,92),(240,190,97),(863,191,4),(2056,191,18),(2584,191,22),(12,191,25),(18,191,36),(2536,191,81),(1817,191,88),(349,192,1),(58,192,11),(2384,192,32),(2106,192,44),(1968,192,82),(1854,192,86),(1867,192,90),(2554,193,23),(2215,193,26),(2466,193,59),(1886,193,69),(1818,193,72),(2402,193,81),(2307,193,96),(2453,194,23),(293,194,29),(2568,194,61),(396,195,44),(257,196,20),(2268,196,58),(1881,196,63),(2322,197,16),(890,197,20),(2024,197,22),(2075,197,27),(2097,197,57),(2184,197,61),(2272,197,70),(370,197,75),(248,197,98),(2274,198,12),(203,198,17),(2411,198,19),(2539,198,28),(52,198,49),(213,198,50),(380,198,63),(2600,198,69),(2181,199,19),(2232,199,74),(17,200,22),(2353,200,25),(2068,200,74),(41,200,86),(50,200,97);

INSERT INTO `Note` VALUES (101,0,10,74),(102,1,91,20),(103,1,153,95),(104,0,163,65),(105,0,199,51),(106,0,150,79),(107,0,173,48),(108,1,193,88),(109,0,139,93),(110,0,156,37),(111,0,25,100),(112,0,148,85),(113,0,21,41),(114,1,87,34),(115,0,139,95),(116,0,138,1),(117,0,81,43),(118,0,168,60),(119,1,76,85),(120,1,35,92),(121,1,40,59),(122,1,153,49),(123,0,77,90),(124,1,140,20),(125,0,127,72),(126,1,165,84),(127,0,197,85),(128,0,116,82),(129,0,73,32),(130,1,186,64),(131,0,108,100),(132,1,52,40),(133,1,24,94),(134,0,36,32),(135,0,129,77),(136,0,138,70),(137,1,23,26),(138,0,115,74),(139,1,11,71),(140,0,33,42),(141,0,70,44),(142,1,77,39),(143,1,178,57),(144,1,164,16),(145,1,189,88),(146,0,195,2),(147,0,133,91),(148,0,192,96),(149,1,8,57),(150,0,171,74),(151,1,144,75),(152,0,149,15),(153,1,173,56),(154,1,1,90),(155,1,34,3),(156,1,34,42),(157,0,133,58),(158,1,18,81),(159,0,81,76),(160,0,152,8),(161,1,147,75),(162,1,162,3),(163,1,17,7),(164,1,8,31),(165,0,147,80),(166,1,6,77),(167,0,102,33),(168,1,78,24),(169,0,127,67),(170,0,52,43),(171,1,110,85),(172,0,36,75),(173,1,93,36),(174,0,92,2),(175,0,5,17),(176,1,133,22),(177,0,127,18),(178,0,181,72),(179,1,77,67),(180,1,167,15),(181,0,193,93),(182,0,161,11),(183,0,61,21),(184,1,133,10),(185,0,107,56),(186,1,33,90),(187,1,127,7),(188,1,129,50),(189,1,108,95),(190,0,21,100),(191,0,13,27),(192,0,46,64),(193,1,133,75),(194,1,44,80),(195,0,120,50),(196,0,164,7),(197,0,173,43),(198,1,108,4),(199,1,74,29),(200,1,86,1),(201,1,125,81),(202,1,90,12),(203,1,47,60),(204,1,90,27),(205,0,87,35),(206,1,126,24),(207,1,138,87),(208,0,194,22),(209,0,74,94),(210,0,171,92),(211,1,125,28),(212,0,150,58),(213,1,27,64),(214,1,106,17),(215,0,137,35),(216,1,198,2),(217,1,118,68),(218,1,127,29),(219,0,65,74),(220,0,129,82),(221,0,148,30),(222,1,199,31),(223,1,54,47),(224,0,130,59),(225,0,54,17),(226,0,10,67),(227,1,94,77),(228,0,26,11),(229,1,2,75),(230,0,186,63),(231,1,179,91),(232,0,169,40),(233,1,178,5),(234,1,178,85),(235,0,188,26),(236,0,105,92),(237,0,146,91),(238,1,12,47),(239,0,59,60),(240,0,128,17),(241,1,114,97),(242,1,8,56),(243,1,66,19),(244,1,112,50),(245,0,82,13),(246,0,154,52),(247,1,134,3),(248,1,168,58),(249,0,58,71),(250,1,106,91),(251,0,53,34),(252,1,11,74),(253,1,107,6),(254,0,68,98),(255,0,78,62),(256,0,185,18),(257,0,6,32),(258,0,84,75),(259,0,153,72),(260,0,74,90),(261,0,106,79),(262,0,140,43),(263,0,154,3),(264,0,45,85),(265,0,57,34),(266,0,187,17),(267,0,88,8),(268,1,61,50),(269,1,42,59),(270,1,168,49),(271,1,79,40),(272,1,165,90),(273,0,10,80),(274,0,121,23),(275,0,127,45),(276,0,63,60),(277,1,200,14),(278,0,108,8),(279,0,142,30),(280,0,17,58),(281,1,23,56),(282,0,152,38),(283,0,121,8),(284,0,6,58),(285,1,160,89),(286,1,40,38),(287,0,21,36),(288,1,115,6),(289,0,141,80),(290,1,2,27),(291,1,154,1),(292,1,57,85),(293,0,132,97),(294,0,61,93),(295,1,65,81),(296,1,34,100),(297,0,66,57),(298,1,99,33),(299,0,12,99),(300,0,137,15),(401,1,142,27),(402,1,6,45),(403,0,110,55),(404,0,94,91),(405,0,5,83),(406,0,88,39),(407,0,14,25),(408,0,109,81),(409,1,152,71),(410,0,74,83),(411,0,168,48),(412,0,169,58),(413,1,14,82),(414,1,190,9),(415,1,14,68),(416,0,23,60),(417,1,58,20),(418,1,82,82),(419,0,146,84),(420,0,181,16),(421,1,14,71),(422,1,3,39),(423,0,22,78),(424,1,97,61),(425,0,57,5),(426,1,63,32),(427,0,160,25),(428,1,64,11),(429,0,140,18),(430,0,54,59),(431,0,129,11),(432,1,145,81),(433,1,182,32),(434,1,60,23),(435,1,101,95),(436,1,196,60),(437,1,40,70),(438,0,18,72),(439,0,50,15),(440,1,81,93),(441,1,100,12),(442,1,193,55),(443,1,178,56),(444,1,28,100),(445,0,171,79),(446,1,132,11),(447,1,187,53),(448,1,62,8),(449,0,152,97),(450,0,188,30),(451,1,67,10),(452,0,92,29),(453,0,68,2),(454,0,31,7),(455,1,182,91),(456,0,98,83),(457,1,101,85),(458,0,76,18),(459,1,58,66),(460,1,192,51),(461,0,175,39),(462,1,167,77),(463,1,130,46),(464,1,105,87),(465,1,19,9),(466,1,118,39),(467,0,22,20),(468,0,192,30),(469,0,103,51),(470,1,72,38),(471,0,36,100),(472,0,56,69),(473,1,55,92),(474,1,40,68),(475,1,73,89),(476,1,170,92),(477,1,36,49),(478,0,77,6),(479,1,50,11),(480,1,44,99),(481,1,127,5),(482,0,173,96),(483,0,46,50),(484,0,93,59),(485,0,30,92),(486,1,23,47),(487,1,153,88),(488,0,126,33),(489,0,49,26),(490,0,44,48),(491,0,161,83),(492,1,87,82),(493,0,108,58),(494,1,75,77),(495,1,137,39),(496,0,146,100),(497,1,175,44),(498,0,109,39),(499,0,137,30),(500,1,51,2),(1101,0,112,7),(1102,1,188,52),(1103,0,82,3),(1104,1,65,69),(1105,1,34,47),(1106,0,120,44),(1107,0,198,99),(1108,1,32,40),(1109,1,101,50),(1110,0,150,22),(1111,1,182,23),(1112,0,64,91),(1113,1,126,89),(1114,1,131,53),(1115,1,178,28),(1116,0,103,99),(1117,0,132,70),(1118,1,196,55),(1119,1,181,95),(1120,1,67,81),(1121,0,121,52),(1122,1,63,34),(1123,1,143,47),(1124,0,161,27),(1125,1,49,91),(1126,1,198,38),(1127,1,38,84),(1128,1,120,3),(1129,0,176,69),(1130,0,161,94),(1131,0,133,32),(1132,0,99,79),(1133,0,104,17),(1134,0,57,87),(1135,1,40,71),(1136,1,182,10),(1137,1,183,35),(1138,0,44,7),(1139,1,111,21),(1140,1,6,74),(1141,0,140,1),(1142,0,71,94),(1143,0,101,76),(1144,1,90,41),(1145,1,195,36),(1146,1,22,26),(1147,0,151,92),(1148,0,199,11),(1149,1,61,67),(1150,0,157,77),(1151,1,63,20),(1152,1,195,78),(1153,1,185,2),(1154,1,46,27),(1155,1,172,86),(1156,0,23,50),(1157,0,162,35),(1158,1,17,51),(1159,0,54,96),(1160,0,58,51),(1161,0,172,73),(1162,1,153,93),(1163,0,169,42),(1164,1,7,41),(1165,1,182,22),(1166,0,181,38),(1167,1,102,68),(1168,1,124,30),(1169,1,74,55),(1170,0,200,97),(1171,0,21,65),(1172,1,112,86),(1173,0,115,68),(1174,1,59,80),(1175,0,131,39),(1176,0,82,68),(1177,0,178,94),(1178,1,79,64),(1179,1,151,8),(1180,0,11,19),(1181,1,147,48),(1182,0,84,99),(1183,0,96,14),(1184,0,58,76),(1185,0,23,88),(1186,1,193,18),(1187,1,179,41),(1188,0,192,73),(1189,0,181,84),(1190,1,194,87),(1191,1,84,86),(1192,0,59,13),(1193,0,70,75),(1194,0,173,38),(1195,0,95,78),(1196,1,149,8),(1197,0,161,93),(1198,1,173,10),(1199,0,194,80),(1200,0,196,72),(1201,0,123,37),(1202,0,29,36),(1203,1,130,4),(1204,1,29,59),(1205,1,81,45),(1206,1,13,13),(1207,0,18,37),(1208,0,42,55),(1209,0,173,27),(1210,1,172,3),(1211,1,136,72),(1212,0,19,85),(1213,0,176,41),(1214,1,69,96),(1215,1,198,30),(1216,0,119,74),(1217,1,23,92),(1218,0,83,71),(1219,0,71,97),(1220,1,192,97),(1221,1,6,20),(1222,1,54,68),(1223,0,136,45),(1224,1,118,15),(1225,1,90,66),(1226,1,87,46),(1227,1,41,5),(1228,0,88,52),(1229,0,175,98),(1230,1,16,72),(1231,0,141,29),(1232,1,110,14),(1233,1,186,6),(1234,1,85,7),(1235,0,154,7),(1236,1,26,95),(1237,0,190,80),(1238,1,199,19),(1239,1,114,19),(1240,0,180,70),(1241,0,107,26),(1242,1,42,5),(1243,0,37,9),(1244,0,172,76),(1245,1,53,74),(1246,0,66,85),(1247,0,165,35),(1248,0,140,54),(1249,1,135,21),(1250,0,27,17),(1251,0,125,77),(1252,0,94,13),(1253,0,97,43),(1254,1,105,95),(1255,0,156,83),(1256,1,18,5),(1257,0,154,12),(1258,0,53,96),(1259,0,30,64),(1260,0,8,78),(1261,1,9,9),(1262,1,96,38),(1263,0,5,98),(1264,0,13,76),(1265,1,166,68),(1266,1,196,79),(1267,0,119,29),(1268,0,200,77),(1269,0,37,58),(1270,1,190,42),(1271,0,189,32),(1272,1,11,59),(1273,1,12,98),(1274,0,38,72),(1275,1,149,46),(1276,0,188,25),(1277,0,183,12),(1278,1,197,20),(1279,1,141,30),(1280,0,78,29),(1281,1,165,56),(1282,1,43,50),(1283,0,150,93),(1284,0,31,84),(1285,0,60,67),(1286,1,7,84),(1287,1,198,77),(1288,0,155,90),(1289,0,37,89),(1290,0,146,20),(1291,0,33,78),(1292,1,159,56),(1293,1,12,76),(1294,1,196,16),(1295,1,69,1),(1296,1,153,53),(1297,1,118,20),(1298,0,132,57),(1299,0,185,58),(1300,0,55,34);




DELIMITER //
CREATE FUNCTION emailEtUsernameUnique(email varchar(100), username varchar(100)) RETURNS boolean
BEGIN
    DECLARE uniqu boolean;
    set uniqu := true;
    IF exists(SELECT U.email FROM utilisateurs U WHERE U.email = email) OR exists(SELECT U.username FROM utilisateurs U WHERE U.username = username) then
        set uniqu := false;
    end if ;
    RETURN uniqu;
end //
DELIMITER ;

DELIMITER //
CREATE PROCEDURE AjouterFavoris(IN uid integer, IN gid integer)
BEGIN
    DECLARE exist boolean;
    set exist := false;
    IF exists(SELECT F.favid FROM favoris F WHERE F.gid = gid AND F.uid = uid) then
        set exist := true;
    end if ;
    IF exist = false then
        INSERT INTO favoris (Uid, Gid) VALUES (uid, gid);
    ELSE
        DELETE FROM favoris F WHERE F.Gid=gid AND F.Uid=uid;
    end if ;

end //
DELIMITER ;


DELIMITER //
CREATE PROCEDURE AjouterLike(IN uid integer, IN gid integer)
BEGIN
    DECLARE existLike boolean;
    DECLARE existDislike boolean;
    set existLike := false;
    set existDislike := false;
    IF exists(SELECT N.Noteid FROM Note N WHERE N.gid = gid AND N.uid = uid AND N.dislike = false) then
        set existLike := true;
    ELSEIF exists(SELECT N.Noteid FROM Note N WHERE N.gid = gid AND N.uid = uid AND N.dislike = true) then
        set existDislike := true;
    end if ;
    IF existLike = true then
        DELETE FROM note N WHERE N.uid=uid AND N.gid=gid;
    ELSEIF existDislike = true then
        DELETE FROM note N WHERE N.uid=uid AND N.gid=gid;
        INSERT INTO note (Uid, Gid, dislike) VALUES (uid, gid, false);
    ELSE
        INSERT INTO note (Uid, Gid, dislike) VALUES (uid, gid, false);
    end if ;
end //
DELIMITER ;


DELIMITER //
CREATE PROCEDURE AjouterDislike(IN uid integer, IN gid integer)
BEGIN
    DECLARE existLike boolean;
    DECLARE existDislike boolean;
    set existLike := false;
    set existDislike := false;
    IF exists(SELECT N.Noteid FROM Note N WHERE N.gid = gid AND N.uid = uid AND N.dislike = false) then
        set existLike := true;
    ELSEIF exists(SELECT N.Noteid FROM Note N WHERE N.gid = gid AND N.uid = uid AND N.dislike = true) then
        set existDislike := true;
    end if ;
    IF existLike = true then
        DELETE FROM note N WHERE N.uid=uid AND N.gid=gid;
        INSERT INTO note (Uid, Gid, dislike) VALUES (uid, gid, true);
    ELSEIF existDislike = true then
        DELETE FROM note N WHERE N.uid=uid AND N.gid=gid;
    ELSE
        INSERT INTO note (Uid, Gid, dislike) VALUES (uid, gid, true);
    end if ;
end //
DELIMITER ;


DELIMITER //
CREATE PROCEDURE AjouterUser(IN hash1 varchar(100), IN email1 varchar(100), IN age1 integer, IN username1 varchar(100), IN nom1 varchar(100))
BEGIN
    IF emailEtUsernameUnique(email1, username1) = true AND age1 >= 58 AND age1 <=76 THEN
        INSERT INTO utilisateurs (hash, email, age, username, nom) VALUE(hash1, email1, age1, username1, nom1);
    end if ;
end //
DELIMITER ;

create index typeGif ON gifs (type);

